month,day,year,temp[c]
6,1,1752,
7,1,1752,
8,1,1752,
9,1,1752,
10,1,1752,8.214000000000002
11,1,1752,4.317000000000001
12,1,1752,-0.5709999999999995
1,1,1753,-5.162999999999999
2,1,1753,-4.918
3,1,1753,3.1099999999999994
4,1,1753,9.25
5,1,1753,16.28
6,1,1753,20.814
7,1,1753,22.375999999999998
8,1,1753,20.644
9,1,1753,15.969000000000001
10,1,1753,9.429999999999998
11,1,1753,2.476000000000001
12,1,1753,-5.654999999999999
1,1,1754,-5.486000000000001
2,1,1754,-6.8389999999999995
3,1,1754,0.5999999999999991
4,1,1754,11.677
5,1,1754,16.314
6,1,1754,21.035
7,1,1754,21.86
8,1,1754,20.085000000000004
9,1,1754,14.931
10,1,1754,9.835000000000003
11,1,1754,3.272999999999999
12,1,1754,-1.0679999999999998
1,1,1755,-7.164999999999999
2,1,1755,-6.967000000000001
3,1,1755,1.1040000000000008
4,1,1755,10.302
5,1,1755,17.088
6,1,1755,22.306000000000004
7,1,1755,22.629000000000005
8,1,1755,20.011000000000003
9,1,1755,15.452000000000002
10,1,1755,8.880999999999998
11,1,1755,3.363000000000002
12,1,1755,-2.799
1,1,1756,-2.317
2,1,1756,0.3300000000000007
3,1,1756,2.0860000000000016
4,1,1756,10.440000000000001
5,1,1756,16.898000000000003
6,1,1756,21.929000000000002
7,1,1756,22.377
8,1,1756,19.731
9,1,1756,16.418
10,1,1756,8.155999999999999
11,1,1756,1.2680000000000016
12,1,1756,-4.042000000000001
1,1,1757,-6.843
2,1,1757,-1.289
3,1,1757,2.2590000000000012
4,1,1757,9.923000000000002
5,1,1757,16.841
6,1,1757,23.778
7,1,1757,25.930999999999997
8,1,1757,22.034
9,1,1757,16.924
10,1,1757,5.447999999999999
11,1,1757,1.9159999999999993
12,1,1757,-5.151999999999999
1,1,1758,-9.289
2,1,1758,-4.84
3,1,1758,0.9389999999999985
4,1,1758,7.829
5,1,1758,14.302999999999999
6,1,1758,20.006000000000004
7,1,1758,21.500000000000004
8,1,1758,19.175
9,1,1758,13.558000000000002
10,1,1758,4.600999999999998
11,1,1758,2.854
12,1,1758,-2.4440000000000004
1,1,1759,-1.7659999999999996
2,1,1759,-1.8300000000000003
3,1,1759,1.8279999999999992
4,1,1759,7.195
5,1,1759,13.992999999999999
6,1,1759,20.537
7,1,1759,21.242000000000004
8,1,1759,22.023999999999997
9,1,1759,16.144
10,1,1759,8.274000000000001
11,1,1759,0.4740000000000006
12,1,1759,-6.893999999999999
1,1,1760,-8.0
2,1,1760,-3.9650000000000003
3,1,1760,-1.1260000000000008
4,1,1760,7.750000000000002
5,1,1760,14.931
6,1,1760,18.918000000000003
7,1,1760,20.805
8,1,1760,20.812000000000005
9,1,1760,15.994000000000002
10,1,1760,7.559000000000001
11,1,1760,2.307
12,1,1760,-2.5870000000000006
1,1,1761,-6.095000000000001
2,1,1761,-2.9389999999999996
3,1,1761,3.5280000000000005
4,1,1761,7.554999999999999
5,1,1761,17.293000000000003
6,1,1761,23.033
7,1,1761,25.423
8,1,1761,21.906000000000002
9,1,1761,16.911
10,1,1761,7.463
11,1,1761,1.700999999999999
12,1,1761,-6.835000000000001
1,1,1762,-0.6769999999999993
2,1,1762,-0.932000000000001
3,1,1762,0.3119999999999992
4,1,1762,9.802
5,1,1762,15.068
6,1,1762,21.047000000000004
7,1,1762,22.372
8,1,1762,20.029
9,1,1762,14.322999999999999
10,1,1762,6.302000000000001
11,1,1762,3.597999999999999
12,1,1762,-3.8540000000000005
1,1,1763,-6.507
2,1,1763,-3.756
3,1,1763,-1.441000000000001
4,1,1763,8.121000000000002
5,1,1763,14.934000000000001
6,1,1763,18.676
7,1,1763,23.849000000000004
8,1,1763,21.159000000000002
9,1,1763,14.418
10,1,1763,5.567000000000001
11,1,1763,1.2909999999999993
1,1,1764,-3.8949999999999996
2,1,1764,0.4359999999999984
3,1,1764,1.9880000000000013
4,1,1764,8.075
5,1,1764,15.644
6,1,1764,18.616999999999997
7,1,1764,21.388
8,1,1764,19.864
9,1,1764,15.024
10,1,1764,9.389
11,1,1764,2.935000000000001
12,1,1764,0.5269999999999995
1,1,1765,-1.6709999999999998
2,1,1765,-3.2709999999999995
3,1,1765,3.5850000000000017
4,1,1765,10.006000000000002
5,1,1765,14.693999999999999
6,1,1765,18.366000000000003
7,1,1765,20.929000000000002
8,1,1765,21.055
9,1,1765,15.230000000000002
10,1,1765,8.55
11,1,1765,3.677999999999998
12,1,1765,-2.019
1,1,1766,-7.672
2,1,1766,-2.891000000000001
3,1,1766,2.7039999999999984
4,1,1766,9.500000000000002
5,1,1766,16.455000000000002
6,1,1766,20.074
7,1,1766,20.886999999999997
8,1,1766,20.803000000000004
9,1,1766,16.548000000000002
10,1,1766,8.376
11,1,1766,4.976000000000001
12,1,1766,-2.5380000000000003
1,1,1767,-9.115
2,1,1767,-3.037
3,1,1767,3.116999999999999
4,1,1767,6.4990000000000006
5,1,1767,14.590000000000002
6,1,1767,20.378000000000004
7,1,1767,21.367
8,1,1767,21.892999999999997
9,1,1767,16.252
10,1,1767,9.372
11,1,1767,6.082000000000001
12,1,1767,-3.551
1,1,1768,-9.512
2,1,1768,-6.707000000000001
3,1,1768,-1.530000000000001
4,1,1768,8.187000000000001
5,1,1768,13.266
6,1,1768,18.979
7,1,1768,21.851000000000003
8,1,1768,20.090999999999998
9,1,1768,15.126
10,1,1768,7.823000000000001
11,1,1768,2.718999999999999
12,1,1768,-1.2000000000000002
1,1,1769,-2.5710000000000006
2,1,1769,-3.6100000000000008
3,1,1769,1.4859999999999987
4,1,1769,9.404
5,1,1769,16.545
6,1,1769,21.643000000000004
7,1,1769,22.105
8,1,1769,20.922
9,1,1769,15.865000000000002
10,1,1769,4.947999999999999
11,1,1769,0.9559999999999984
12,1,1769,-4.37
1,1,1770,-4.497
2,1,1770,-2.9389999999999996
3,1,1770,-2.2199999999999993
4,1,1770,10.589000000000002
5,1,1770,14.783000000000001
6,1,1770,18.607
7,1,1770,19.375
8,1,1770,19.338000000000005
9,1,1770,15.860000000000001
10,1,1770,9.983
11,1,1770,3.9739999999999993
12,1,1770,1.3369999999999986
1,1,1771,-1.7379999999999995
2,1,1771,-7.844
3,1,1771,-2.035
4,1,1771,5.972999999999998
5,1,1771,14.782
6,1,1771,20.694000000000003
7,1,1771,21.472000000000005
8,1,1771,21.101000000000006
9,1,1771,16.218
10,1,1771,10.162000000000003
11,1,1771,1.1469999999999994
12,1,1771,-1.524000000000001
1,1,1772,-4.242
2,1,1772,-4.771000000000001
3,1,1772,0.306999999999999
4,1,1772,9.641
5,1,1772,13.763000000000002
6,1,1772,19.421999999999997
7,1,1772,22.596
8,1,1772,21.552
9,1,1772,15.754
10,1,1772,10.057000000000002
11,1,1772,6.375000000000001
1,1,1773,-6.4239999999999995
2,1,1773,-4.316
3,1,1773,0.8650000000000012
4,1,1773,10.454
5,1,1773,18.288000000000004
6,1,1773,19.453
7,1,1773,22.107999999999997
8,1,1773,20.957
9,1,1773,17.256
10,1,1773,10.288
11,1,1773,1.7980000000000018
12,1,1773,1.355
1,1,1774,-6.404000000000001
2,1,1774,-1.6920000000000002
3,1,1774,2.391999999999999
4,1,1774,11.351000000000003
6,1,1774,22.569000000000003
7,1,1774,24.392999999999997
8,1,1774,21.588
9,1,1774,15.378
10,1,1774,8.458000000000002
11,1,1774,-1.6769999999999996
12,1,1774,-4.201000000000001
1,1,1775,-3.524
2,1,1775,-0.2970000000000006
3,1,1775,4.256000000000001
4,1,1775,7.628000000000002
5,1,1775,14.793000000000001
6,1,1775,19.735
7,1,1775,22.805000000000003
8,1,1775,23.112999999999996
9,1,1775,16.777
10,1,1775,11.284
11,1,1775,4.803999999999999
12,1,1775,-2.608000000000001
1,1,1776,-8.728
2,1,1776,-0.5340000000000009
3,1,1776,1.7660000000000016
4,1,1776,7.703000000000001
5,1,1776,14.810999999999998
6,1,1776,20.671999999999997
7,1,1776,22.025
8,1,1776,21.869
9,1,1776,14.976
10,1,1776,7.677000000000002
11,1,1776,2.215000000000001
12,1,1776,-1.0199999999999991
1,1,1777,-2.412
2,1,1777,-3.0450000000000013
3,1,1777,1.3850000000000011
4,1,1777,5.972999999999998
5,1,1777,16.429000000000002
6,1,1777,19.435000000000002
7,1,1777,20.265000000000004
8,1,1777,19.918000000000003
9,1,1777,14.487
10,1,1777,6.888000000000002
11,1,1777,3.5339999999999985
12,1,1777,-0.8799999999999998
1,1,1778,-2.791000000000001
2,1,1778,-2.2409999999999997
3,1,1778,1.6199999999999983
4,1,1778,11.820000000000002
5,1,1778,16.068
6,1,1778,18.993
7,1,1778,22.817
8,1,1778,20.432000000000006
9,1,1778,16.522000000000002
10,1,1778,8.007
12,1,1778,-0.5030000000000001
1,1,1779,-6.002999999999999
2,1,1779,-0.44600000000000073
3,1,1779,3.4750000000000014
4,1,1779,10.706999999999999
5,1,1779,18.511000000000003
6,1,1779,18.54
7,1,1779,20.100000000000005
8,1,1779,20.773999999999997
9,1,1779,16.343
10,1,1779,9.420000000000002
11,1,1779,4.082
12,1,1779,0.4910000000000005
1,1,1780,-5.426
2,1,1780,-4.614999999999999
3,1,1780,3.612000000000002
4,1,1780,10.877999999999998
5,1,1780,17.791999999999998
6,1,1780,19.826999999999998
7,1,1780,22.604999999999997
8,1,1780,19.357000000000003
9,1,1780,13.188
10,1,1780,10.011
11,1,1780,4.5649999999999995
12,1,1780,-4.152000000000001
1,1,1781,-4.724
2,1,1781,-4.145
3,1,1781,1.2269999999999983
4,1,1781,8.240999999999998
6,1,1781,19.543000000000003
7,1,1781,22.421
8,1,1781,23.648000000000003
9,1,1781,16.837000000000003
10,1,1781,7.933999999999999
11,1,1781,5.749
12,1,1781,-3.3929999999999993
1,1,1782,-4.404
2,1,1782,-7.926
3,1,1782,0.647
4,1,1782,8.74
5,1,1782,15.775000000000002
6,1,1782,19.525
7,1,1782,22.478000000000005
8,1,1782,22.014999999999997
9,1,1782,15.941000000000003
10,1,1782,9.26
11,1,1782,2.274000000000002
12,1,1782,-4.282
1,1,1783,-7.015999999999999
2,1,1783,0.14900000000000013
3,1,1783,1.1049999999999984
4,1,1783,8.259
5,1,1783,18.149
6,1,1783,22.158
7,1,1783,20.734
8,1,1783,22.355000000000004
9,1,1783,15.788
10,1,1783,8.870999999999999
11,1,1783,0.001999999999999286
12,1,1783,-4.711
1,1,1784,-5.094
2,1,1784,-5.291000000000001
3,1,1784,0.8199999999999995
4,1,1784,8.834000000000001
5,1,1784,14.783000000000001
6,1,1784,19.738999999999997
7,1,1784,22.380000000000006
8,1,1784,24.057
9,1,1784,15.471
10,1,1784,6.973000000000001
11,1,1784,3.1729999999999987
12,1,1784,-0.8699999999999994
1,1,1785,-5.781999999999999
2,1,1785,-4.8919999999999995
3,1,1785,-4.515
4,1,1785,6.612000000000001
5,1,1785,14.473999999999998
6,1,1785,19.256999999999998
7,1,1785,21.334000000000003
8,1,1785,21.545000000000005
9,1,1785,15.403
10,1,1785,7.149999999999999
11,1,1785,4.1530000000000005
12,1,1785,-3.7270000000000003
1,1,1786,-5.262
2,1,1786,-4.93
3,1,1786,2.3440000000000003
4,1,1786,10.264999999999999
5,1,1786,14.471000000000002
6,1,1786,19.287
7,1,1786,22.311000000000003
8,1,1786,21.227000000000004
9,1,1786,16.560000000000002
10,1,1786,6.781000000000002
11,1,1786,-0.08299999999999999
12,1,1786,-4.2410000000000005
1,1,1787,-3.919000000000001
2,1,1787,-3.0549999999999993
3,1,1787,1.8819999999999995
4,1,1787,7.613000000000001
5,1,1787,15.945
6,1,1787,21.128
7,1,1787,21.579000000000004
8,1,1787,21.25
9,1,1787,13.984
10,1,1787,9.092
11,1,1787,3.6909999999999994
12,1,1787,-1.427
1,1,1788,-4.531999999999999
2,1,1788,-3.1109999999999993
3,1,1788,2.152000000000002
4,1,1788,7.918000000000001
5,1,1788,14.969000000000001
6,1,1788,21.160999999999998
7,1,1788,24.947000000000003
8,1,1788,20.297
9,1,1788,16.733
10,1,1788,8.828
11,1,1788,2.2510000000000003
12,1,1788,-9.253
2,1,1789,-3.441
3,1,1789,-1.1689999999999994
4,1,1789,8.519000000000002
5,1,1789,18.352000000000004
6,1,1789,19.532000000000004
7,1,1789,23.884000000000004
8,1,1789,21.379000000000005
9,1,1789,17.07
10,1,1789,9.298000000000002
11,1,1789,4.315000000000002
12,1,1789,-0.9990000000000008
1,1,1790,-3.8399999999999994
2,1,1790,-1.7630000000000006
3,1,1790,1.311
4,1,1790,6.282999999999999
5,1,1790,14.944
6,1,1790,20.855
7,1,1790,20.953000000000003
8,1,1790,20.601000000000003
9,1,1790,15.359
10,1,1790,8.325
11,1,1790,2.5039999999999987
12,1,1790,0.9349999999999999
1,1,1791,-0.8639999999999997
2,1,1791,-1.4160000000000001
3,1,1791,2.325999999999999
4,1,1791,10.533000000000001
5,1,1791,14.443
6,1,1791,19.871
7,1,1791,21.436
8,1,1791,21.838000000000005
9,1,1791,14.861
10,1,1791,8.492999999999999
11,1,1791,3.7850000000000015
12,1,1791,0.531000000000002
1,1,1792,-5.293
2,1,1792,-3.593000000000001
3,1,1792,0.7400000000000004
4,1,1792,8.250000000000002
5,1,1792,15.315000000000001
6,1,1792,20.690000000000005
7,1,1792,22.820999999999998
8,1,1792,20.256000000000004
9,1,1792,17.386000000000003
10,1,1792,7.388000000000001
11,1,1792,1.6970000000000005
12,1,1792,-1.1859999999999993
1,1,1793,-6.631
2,1,1793,-0.5279999999999991
3,1,1793,0.4430000000000018
4,1,1793,7.750000000000002
5,1,1793,15.08
6,1,1793,19.786
7,1,1793,22.878999999999998
8,1,1793,20.766
9,1,1793,15.625
10,1,1793,9.298000000000002
11,1,1793,3.961000000000002
12,1,1793,-2.326000000000001
1,1,1794,-1.5650000000000002
2,1,1794,-1.5949999999999993
3,1,1794,2.830000000000001
4,1,1794,10.671
5,1,1794,17.96
6,1,1794,20.153000000000002
7,1,1794,22.154000000000003
8,1,1794,20.287
9,1,1794,14.769000000000002
10,1,1794,9.27
11,1,1794,2.952000000000001
12,1,1794,-3.792000000000001
1,1,1795,-7.416
2,1,1795,-2.160000000000001
3,1,1795,2.716000000000002
4,1,1795,10.655999999999999
5,1,1795,15.677999999999999
6,1,1795,20.834
7,1,1795,21.447000000000003
8,1,1795,20.377000000000002
9,1,1795,14.734
10,1,1795,9.412999999999998
11,1,1795,2.3220000000000005
12,1,1795,-1.062
1,1,1796,-0.8039999999999993
2,1,1796,-2.976
3,1,1796,-1.9410000000000003
4,1,1796,6.668000000000001
5,1,1796,16.007
6,1,1796,20.924000000000003
7,1,1796,22.391
8,1,1796,22.118
9,1,1796,16.396
10,1,1796,9.432000000000002
11,1,1796,2.3440000000000003
12,1,1796,-3.894
1,1,1797,-2.0050000000000012
2,1,1797,0.0389999999999999
3,1,1797,0.3160000000000017
4,1,1797,8.902999999999999
5,1,1797,16.944000000000003
6,1,1797,21.973000000000003
7,1,1797,22.586
8,1,1797,21.918
9,1,1797,17.777
10,1,1797,10.374
11,1,1797,2.3050000000000006
12,1,1797,-0.7039999999999995
1,1,1798,-2.9999999999999996
2,1,1798,-1.66
3,1,1798,3.6569999999999996
4,1,1798,9.39
5,1,1798,16.464
6,1,1798,20.026999999999997
7,1,1798,23.055
8,1,1798,22.619000000000003
9,1,1798,17.048000000000002
10,1,1798,8.299000000000001
11,1,1798,2.2220000000000004
12,1,1798,-5.729000000000001
1,1,1799,-7.593000000000001
2,1,1799,-8.042
3,1,1799,-0.9749999999999995
4,1,1799,9.427000000000001
5,1,1799,15.745999999999999
6,1,1799,19.986
7,1,1799,22.214999999999996
8,1,1799,21.617
9,1,1799,16.04
10,1,1799,10.035000000000002
11,1,1799,3.8510000000000018
12,1,1799,-5.2509999999999994
1,1,1800,-4.741999999999999
2,1,1800,-3.1410000000000005
3,1,1800,-1.9549999999999992
4,1,1800,11.851
5,1,1800,15.880000000000003
6,1,1800,19.494999999999997
7,1,1800,20.232999999999997
8,1,1800,21.187
9,1,1800,14.602
10,1,1800,9.520999999999999
11,1,1800,4.317999999999999
12,1,1800,-0.8390000000000006
1,1,1801,-3.1070000000000007
2,1,1801,-4.009
3,1,1801,4.287
4,1,1801,8.778000000000002
5,1,1801,19.112000000000002
6,1,1801,18.810000000000002
7,1,1801,22.974
8,1,1801,19.470000000000006
9,1,1801,16.52
10,1,1801,9.866999999999999
11,1,1801,4.935000000000001
12,1,1801,0.4160000000000016
1,1,1802,-2.9449999999999994
2,1,1802,-2.1290000000000004
3,1,1802,3.975000000000001
4,1,1802,9.461000000000002
5,1,1802,14.753
6,1,1802,20.307
7,1,1802,23.656
8,1,1802,22.451
9,1,1802,15.589000000000002
10,1,1802,11.075000000000001
11,1,1802,2.7869999999999986
12,1,1802,-0.9259999999999992
1,1,1803,-10.374
2,1,1803,-6.792000000000001
3,1,1803,0.8410000000000019
4,1,1803,10.919000000000002
5,1,1803,16.900000000000002
6,1,1803,19.426000000000005
7,1,1803,22.715
8,1,1803,22.66
9,1,1803,15.507
10,1,1803,8.775000000000002
11,1,1803,3.4310000000000014
12,1,1803,-3.9229999999999996
1,1,1804,-1.892
2,1,1804,-4.28
3,1,1804,-0.8660000000000009
4,1,1804,10.392
5,1,1804,15.796000000000001
6,1,1804,19.458000000000002
7,1,1804,23.277
8,1,1804,21.213000000000005
9,1,1804,16.881000000000004
10,1,1804,9.124
11,1,1804,1.383000000000002
12,1,1804,-5.0729999999999995
1,1,1805,-5.377
2,1,1805,-4.359999999999999
3,1,1805,1.3889999999999998
4,1,1805,7.227999999999999
5,1,1805,14.996000000000002
6,1,1805,19.640000000000004
7,1,1805,22.172
8,1,1805,21.235
9,1,1805,16.645
10,1,1805,5.592000000000002
11,1,1805,0.19300000000000023
12,1,1805,-0.3719999999999995
1,1,1806,-1.3299999999999992
2,1,1806,-3.0020000000000007
3,1,1806,1.3600000000000003
4,1,1806,8.542
5,1,1806,16.526
6,1,1806,17.88
7,1,1806,20.949999999999996
8,1,1806,21.503
9,1,1806,17.718000000000004
10,1,1806,8.101
11,1,1806,2.874000000000001
12,1,1806,0.682999999999999
1,1,1807,-4.396000000000001
2,1,1807,-1.1909999999999994
3,1,1807,0.7380000000000012
4,1,1807,7.445000000000002
5,1,1807,14.237000000000002
6,1,1807,19.358999999999998
7,1,1807,21.799000000000003
8,1,1807,23.042
9,1,1807,16.799
10,1,1807,9.516
11,1,1807,5.313000000000001
12,1,1807,0.472999999999999
1,1,1808,-2.572
2,1,1808,-4.613
3,1,1808,-3.54
4,1,1808,7.125000000000002
5,1,1808,14.158999999999999
6,1,1808,20.132
7,1,1808,22.312000000000005
8,1,1808,21.752
9,1,1808,17.735000000000003
10,1,1808,9.797
11,1,1808,1.2780000000000018
12,1,1808,-6.678
1,1,1809,-8.93
2,1,1809,-2.5490000000000004
3,1,1809,-3.3440000000000007
4,1,1809,7.144000000000001
5,1,1809,13.983000000000002
6,1,1809,19.863
7,1,1809,20.125999999999998
8,1,1809,21.195
10,1,1809,8.02
11,1,1809,-0.13100000000000062
12,1,1809,-1.6800000000000006
1,1,1810,-5.408
2,1,1810,-1.8219999999999992
3,1,1810,2.2359999999999998
4,1,1810,6.373000000000002
5,1,1810,13.435
6,1,1810,16.987000000000002
7,1,1810,21.154999999999998
8,1,1810,19.621999999999996
9,1,1810,14.665
10,1,1810,6.006
11,1,1810,1.2380000000000004
12,1,1810,-0.32400000000000084
1,1,1811,-7.204
2,1,1811,-4.912
3,1,1811,2.0950000000000006
4,1,1811,6.365999999999999
5,1,1811,16.135
6,1,1811,20.500999999999998
7,1,1811,21.634999999999998
8,1,1811,22.380999999999997
9,1,1811,13.662
10,1,1811,8.873000000000001
11,1,1811,1.5170000000000015
12,1,1811,-0.016999999999999856
1,1,1812,-6.737
2,1,1812,-5.056
3,1,1812,0.09699999999999895
4,1,1812,6.158999999999999
5,1,1812,13.715
6,1,1812,19.682
7,1,1812,23.195999999999998
8,1,1812,22.468999999999998
9,1,1812,13.298
10,1,1812,9.914
11,1,1812,1.966000000000001
12,1,1812,-9.186
1,1,1813,-10.671
2,1,1813,-4.152000000000001
3,1,1813,-1.2069999999999996
4,1,1813,8.563000000000002
5,1,1813,16.249
6,1,1813,18.04
7,1,1813,20.373000000000005
8,1,1813,19.382000000000005
9,1,1813,15.352000000000002
10,1,1813,8.079999999999998
11,1,1813,6.160000000000001
12,1,1813,-1.4090000000000005
1,1,1814,-3.3649999999999993
2,1,1814,-6.965999999999999
3,1,1814,1.0739999999999996
4,1,1814,9.068000000000001
5,1,1814,12.266000000000002
6,1,1814,18.287000000000003
7,1,1814,21.740999999999996
8,1,1814,20.729000000000003
9,1,1814,13.74
10,1,1814,6.765
11,1,1814,1.6220000000000014
12,1,1814,2.127999999999999
1,1,1815,-6.333
2,1,1815,-3.931000000000001
3,1,1815,-0.5340000000000009
4,1,1815,7.6610000000000005
5,1,1815,15.066
6,1,1815,19.284000000000002
7,1,1815,20.36
8,1,1815,20.153999999999996
9,1,1815,14.623
10,1,1815,8.723
11,1,1815,3.945
12,1,1815,-5.6850000000000005
1,1,1816,-2.826
2,1,1816,-6.329999999999999
3,1,1816,1.8869999999999998
4,1,1816,7.918999999999999
5,1,1816,14.768
6,1,1816,19.427
7,1,1816,19.796000000000003
8,1,1816,19.313999999999997
9,1,1816,15.101000000000003
10,1,1816,6.490999999999999
11,1,1816,3.338000000000001
12,1,1816,-4.198
1,1,1817,-2.8059999999999996
2,1,1817,-0.6230000000000008
3,1,1817,2.691000000000001
4,1,1817,5.894000000000001
5,1,1817,13.968000000000002
6,1,1817,18.213
7,1,1817,21.927
8,1,1817,22.84
9,1,1817,13.458000000000002
10,1,1817,5.2509999999999994
11,1,1817,1.7270000000000016
12,1,1817,-2.412
1,1,1818,-4.672000000000001
2,1,1818,-2.1029999999999998
3,1,1818,3.902000000000001
4,1,1818,10.980000000000002
6,1,1818,18.603
7,1,1818,21.065
8,1,1818,20.509000000000004
9,1,1818,14.854000000000001
10,1,1818,7.896000000000001
11,1,1818,2.4409999999999994
12,1,1818,-3.579
1,1,1819,-3.936000000000001
2,1,1819,-2.9109999999999996
3,1,1819,2.2030000000000016
4,1,1819,9.251000000000001
5,1,1819,13.855
6,1,1819,19.062
7,1,1819,20.178000000000004
8,1,1819,20.124999999999996
9,1,1819,16.475
10,1,1819,10.729
11,1,1819,3.863999999999999
12,1,1819,-4.456000000000001
1,1,1820,-6.477
2,1,1820,-4.835999999999999
3,1,1820,1.1460000000000017
4,1,1820,9.774000000000003
5,1,1820,16.369
6,1,1820,18.163
7,1,1820,19.507
8,1,1820,20.953000000000003
9,1,1820,14.849000000000002
10,1,1820,8.077000000000002
11,1,1820,2.6039999999999983
12,1,1820,-3.6249999999999996
1,1,1821,-2.474999999999999
2,1,1821,-4.511000000000001
3,1,1821,1.2680000000000016
4,1,1821,10.224
5,1,1821,16.64
6,1,1821,16.998
7,1,1821,19.787000000000003
9,1,1821,14.439000000000002
10,1,1821,7.922
11,1,1821,2.7030000000000007
12,1,1821,0.5679999999999986
1,1,1822,-1.6939999999999995
2,1,1822,-2.670000000000001
3,1,1822,2.678
4,1,1822,9.706
5,1,1822,14.207999999999998
6,1,1822,18.619000000000003
7,1,1822,21.689
8,1,1822,19.968999999999998
9,1,1822,14.385000000000002
10,1,1822,9.129000000000001
11,1,1822,3.189000000000001
12,1,1822,-4.297000000000001
1,1,1823,-7.492000000000001
2,1,1823,-1.9589999999999996
3,1,1823,3.6299999999999994
4,1,1823,7.559000000000001
5,1,1823,15.867
6,1,1823,21.144000000000002
7,1,1823,22.247000000000003
8,1,1823,21.508
9,1,1823,15.413000000000002
10,1,1823,8.715
11,1,1823,3.1359999999999983
12,1,1823,1.2149999999999987
1,1,1824,-1.5559999999999994
2,1,1824,-0.6589999999999997
3,1,1824,4.7780000000000005
4,1,1824,9.357
5,1,1824,15.479999999999999
6,1,1824,19.42
7,1,1824,21.296999999999997
8,1,1824,22.302000000000003
9,1,1824,17.046
10,1,1824,10.178
11,1,1824,4.954000000000001
12,1,1824,2.5899999999999994
1,1,1825,-3.2680000000000002
2,1,1825,-5.132000000000001
3,1,1825,-2.7430000000000003
4,1,1825,6.055999999999998
5,1,1825,14.45
6,1,1825,19.621999999999996
7,1,1825,20.878
8,1,1825,20.153000000000002
9,1,1825,14.853
10,1,1825,8.283
11,1,1825,7.432999999999999
12,1,1825,0.6199999999999999
1,1,1826,-5.612000000000001
2,1,1826,-6.124
3,1,1826,0.389999999999999
4,1,1826,6.773999999999999
5,1,1826,14.158999999999999
6,1,1826,18.507
7,1,1826,24.287000000000003
8,1,1826,21.368000000000002
9,1,1826,15.892000000000003
10,1,1826,7.9239999999999995
11,1,1826,4.901000000000002
12,1,1826,2.0070000000000006
2,1,1827,-3.5940000000000007
3,1,1827,4.061000000000002
4,1,1827,8.812999999999999
5,1,1827,15.603000000000002
6,1,1827,21.730000000000004
7,1,1827,23.171999999999997
8,1,1827,21.036
9,1,1827,14.045
10,1,1827,9.285
11,1,1827,3.1210000000000018
12,1,1827,-1.5179999999999991
1,1,1828,-8.674
2,1,1828,-7.886000000000001
3,1,1828,3.0080000000000005
4,1,1828,9.656999999999998
5,1,1828,14.889
6,1,1828,20.895000000000003
7,1,1828,23.225000000000005
8,1,1828,21.454
9,1,1828,13.421999999999999
10,1,1828,7.193999999999999
11,1,1828,2.2440000000000007
12,1,1828,-5.508000000000001
1,1,1829,-8.088
2,1,1829,-5.635000000000001
3,1,1829,0.3520000000000007
4,1,1829,10.729
5,1,1829,14.175
6,1,1829,17.742
7,1,1829,21.637000000000004
8,1,1829,20.727
9,1,1829,16.496
10,1,1829,7.698999999999998
11,1,1829,-0.43600000000000033
12,1,1829,-7.825000000000001
1,1,1830,-7.8999999999999995
2,1,1830,-6.0809999999999995
3,1,1830,-0.9770000000000008
4,1,1830,7.767000000000002
5,1,1830,15.957
6,1,1830,20.541
7,1,1830,20.680000000000003
8,1,1830,22.452
9,1,1830,14.632000000000001
10,1,1830,6.8640000000000025
11,1,1830,2.642000000000001
12,1,1830,2.8670000000000013
1,1,1831,-5.792
2,1,1831,-2.898
3,1,1831,1.053999999999999
4,1,1831,8.931000000000001
5,1,1831,15.472000000000001
6,1,1831,18.889000000000003
7,1,1831,20.6
8,1,1831,18.722
9,1,1831,13.383
10,1,1831,6.812999999999999
11,1,1831,1.9739999999999984
12,1,1831,-3.966
1,1,1832,-5.117999999999999
2,1,1832,-4.959000000000001
3,1,1832,-2.1990000000000007
4,1,1832,5.703
5,1,1832,14.54
6,1,1832,17.665
7,1,1832,18.224000000000004
8,1,1832,18.698000000000004
9,1,1832,13.09
10,1,1832,6.968000000000001
11,1,1832,-1.969
12,1,1832,-5.792
1,1,1833,-7.324
2,1,1833,-1.289
3,1,1833,0.6820000000000014
4,1,1833,8.145999999999999
5,1,1833,15.422
6,1,1833,22.226
7,1,1833,22.295
8,1,1833,18.365000000000002
9,1,1833,15.064000000000002
10,1,1833,6.490000000000001
11,1,1833,2.2479999999999993
12,1,1833,-1.5080000000000007
1,1,1834,-4.316
2,1,1834,-6.681
3,1,1834,1.5390000000000015
4,1,1834,6.944000000000002
5,1,1834,17.887000000000004
6,1,1834,20.13
7,1,1834,22.006
8,1,1834,21.598000000000003
9,1,1834,16.545
10,1,1834,7.843000000000003
11,1,1834,3.260999999999999
12,1,1834,-1.895000000000001
1,1,1835,-3.12
2,1,1835,-0.18899999999999967
3,1,1835,2.8890000000000016
4,1,1835,7.825000000000001
5,1,1835,14.71
6,1,1835,19.566000000000003
7,1,1835,21.295
8,1,1835,17.722
9,1,1835,12.650000000000002
10,1,1835,9.786000000000001
11,1,1835,-1.4729999999999994
12,1,1835,-6.938
1,1,1836,-7.583
2,1,1836,-3.136
3,1,1836,5.728999999999998
4,1,1836,9.595999999999998
5,1,1836,13.504000000000001
6,1,1836,19.273000000000003
7,1,1836,19.025999999999996
8,1,1836,18.556000000000004
9,1,1836,14.873000000000001
10,1,1836,11.180000000000001
11,1,1836,2.793
12,1,1836,1.0500000000000003
1,1,1837,-4.047000000000001
2,1,1837,-5.244
3,1,1837,1.3009999999999997
4,1,1837,10.435999999999998
5,1,1837,15.328000000000001
6,1,1837,17.568
7,1,1837,18.362
8,1,1837,20.478
9,1,1837,15.570000000000002
10,1,1837,6.311
11,1,1837,3.1099999999999994
12,1,1837,-6.078
1,1,1838,-12.200000000000001
2,1,1838,-3.2089999999999996
3,1,1838,1.3090000000000006
4,1,1838,8.308
5,1,1838,15.42
6,1,1838,18.046
7,1,1838,19.485999999999997
8,1,1838,18.752000000000002
9,1,1838,16.897000000000002
10,1,1838,6.1389999999999985
11,1,1838,4.0329999999999995
12,1,1838,-2.7540000000000004
1,1,1839,-4.304
2,1,1839,-3.031
3,1,1839,-3.4010000000000002
4,1,1839,5.284999999999999
5,1,1839,15.957
6,1,1839,20.031999999999996
7,1,1839,22.107999999999997
8,1,1839,23.838
9,1,1839,16.907
10,1,1839,8.137
11,1,1839,3.343999999999999
12,1,1839,-7.004
1,1,1840,-5.244
2,1,1840,-5.619000000000001
3,1,1840,-1.8759999999999997
4,1,1840,5.389000000000001
5,1,1840,12.774999999999999
6,1,1840,18.012
7,1,1840,23.732000000000003
8,1,1840,19.177000000000003
9,1,1840,16.726
10,1,1840,7.930999999999998
11,1,1840,3.4169999999999985
12,1,1840,-9.038
1,1,1841,-4.479000000000001
2,1,1841,-9.145
3,1,1841,-1.3849999999999993
4,1,1841,9.119000000000002
5,1,1841,16.249
6,1,1841,21.168000000000003
7,1,1841,24.756
8,1,1841,21.960000000000004
9,1,1841,17.15
10,1,1841,11.302999999999999
11,1,1841,3.8020000000000014
12,1,1841,0.10199999999999913
1,1,1842,-6.882999999999999
2,1,1842,-4.656000000000001
3,1,1842,0.733000000000001
4,1,1842,6.082000000000001
5,1,1842,14.925000000000002
6,1,1842,19.128000000000004
7,1,1842,20.503
8,1,1842,19.457
9,1,1842,15.737
10,1,1842,7.983
11,1,1842,3.670999999999999
12,1,1842,0.18800000000000003
1,1,1843,-0.9610000000000005
2,1,1843,3.3459999999999983
3,1,1843,0.9280000000000005
4,1,1843,7.859000000000001
5,1,1843,12.356
6,1,1843,19.492
7,1,1843,19.721
8,1,1843,19.57
9,1,1843,12.868
10,1,1843,9.598000000000003
11,1,1843,2.6150000000000007
12,1,1843,-0.11199999999999952
1,1,1844,-4.558999999999999
2,1,1844,-0.11000000000000022
3,1,1844,0.9249999999999996
4,1,1844,5.471
5,1,1844,15.364999999999998
6,1,1844,17.851
7,1,1844,21.646
8,1,1844,20.631000000000004
9,1,1844,16.669
10,1,1844,8.237
11,1,1844,1.4210000000000003
12,1,1844,-7.442000000000001
1,1,1845,-3.3319999999999994
2,1,1845,-6.386000000000001
3,1,1845,-0.7020000000000002
4,1,1845,8.634000000000002
5,1,1845,14.844999999999999
6,1,1845,19.488000000000003
7,1,1845,23.525000000000002
8,1,1845,20.324999999999996
9,1,1845,13.562000000000001
10,1,1845,8.928
11,1,1845,3.8020000000000014
12,1,1845,0.7450000000000007
1,1,1846,-2.608000000000001
2,1,1846,-2.166000000000001
3,1,1846,3.6389999999999985
4,1,1846,9.931
5,1,1846,13.863999999999999
6,1,1846,16.494
7,1,1846,22.438000000000002
9,1,1846,16.402
10,1,1846,10.258
11,1,1846,-1.1469999999999994
12,1,1846,0.38499999999999884
1,1,1847,-8.958000000000002
2,1,1847,-1.6470000000000005
3,1,1847,-0.9359999999999996
4,1,1847,9.488999999999999
5,1,1847,15.688
6,1,1847,19.01
7,1,1847,21.546
8,1,1847,22.016
9,1,1847,16.868000000000002
10,1,1847,7.895
11,1,1847,1.5660000000000018
12,1,1847,-5.8180000000000005
1,1,1848,-10.661
2,1,1848,-0.8579999999999998
3,1,1848,2.9230000000000014
4,1,1848,12.235000000000003
5,1,1848,14.821
6,1,1848,22.812
7,1,1848,23.493000000000006
8,1,1848,22.793000000000003
9,1,1848,15.017000000000001
10,1,1848,10.609000000000002
11,1,1848,3.7850000000000015
12,1,1848,-3.0489999999999995
1,1,1849,-7.109
2,1,1849,-2.7059999999999995
3,1,1849,0.10199999999999913
4,1,1849,7.257000000000002
5,1,1849,15.118000000000002
6,1,1849,20.743000000000002
7,1,1849,21.973000000000003
8,1,1849,21.481999999999996
9,1,1849,13.941
10,1,1849,10.008000000000001
11,1,1849,6.336000000000001
12,1,1849,-4.246
1,1,1850,-9.283000000000001
2,1,1850,-2.861999999999999
3,1,1850,-1.0799999999999996
4,1,1850,7.024
5,1,1850,15.052999999999999
6,1,1850,21.940000000000005
7,1,1850,22.716000000000005
8,1,1850,24.08
9,1,1850,14.635000000000003
10,1,1850,10.081999999999999
11,1,1850,3.4389999999999987
12,1,1850,-0.9620000000000002
1,1,1851,-5.88
2,1,1851,-4.3709999999999996
3,1,1851,0.9029999999999995
4,1,1851,9.462
5,1,1851,18.615000000000002
6,1,1851,18.918999999999997
7,1,1851,22.402
8,1,1851,22.135
9,1,1851,17.756
10,1,1851,10.82
11,1,1851,8.524000000000003
12,1,1851,-1.2349999999999994
1,1,1852,-2.105000000000001
2,1,1852,-3.283000000000001
3,1,1852,-0.15699999999999925
4,1,1852,4.744000000000001
5,1,1852,13.887999999999998
6,1,1852,19.865999999999996
7,1,1852,19.865000000000002
8,1,1852,20.041999999999998
9,1,1852,14.851
10,1,1852,9.581000000000001
11,1,1852,4.222000000000001
12,1,1852,0.44399999999999945
1,1,1853,-1.010000000000001
2,1,1853,0.19300000000000023
3,1,1853,3.2809999999999997
4,1,1853,7.081000000000002
5,1,1853,16.028000000000002
6,1,1853,19.78
8,1,1853,22.209000000000003
9,1,1853,14.616
10,1,1853,11.404000000000002
11,1,1853,1.6029999999999984
12,1,1853,-4.188
1,1,1854,-5.821
2,1,1854,-4.011
4,1,1854,5.593
5,1,1854,17.03
6,1,1854,18.787
7,1,1854,22.687000000000005
8,1,1854,20.637000000000004
9,1,1854,13.799000000000001
10,1,1854,10.537
11,1,1854,3.897999999999999
12,1,1854,1.578999999999999
1,1,1855,-5.975999999999999
2,1,1855,-4.0009999999999994
3,1,1855,3.826999999999998
4,1,1855,9.275
5,1,1855,17.706000000000003
6,1,1855,22.602
7,1,1855,22.05
8,1,1855,20.619
9,1,1855,12.49
10,1,1855,11.331999999999999
11,1,1855,1.529999999999999
12,1,1855,-7.667
1,1,1856,-0.7080000000000001
2,1,1856,-2.24
3,1,1856,-2.4689999999999994
4,1,1856,7.71
5,1,1856,15.511999999999999
6,1,1856,20.336
7,1,1856,20.489
8,1,1856,19.921
9,1,1856,15.251
10,1,1856,7.315000000000001
11,1,1856,-0.5329999999999993
12,1,1856,1.8379999999999994
1,1,1857,-1.3600000000000003
2,1,1857,-5.444999999999999
3,1,1857,1.267
4,1,1857,10.156
5,1,1857,15.551
6,1,1857,19.531
7,1,1857,20.539000000000005
8,1,1857,19.366000000000003
9,1,1857,12.705
10,1,1857,9.363000000000001
11,1,1857,1.7989999999999995
12,1,1857,-0.9959999999999999
1,1,1858,-8.594000000000001
2,1,1858,-8.248999999999999
3,1,1858,0.057999999999999045
4,1,1858,6.912000000000001
5,1,1858,15.396
6,1,1858,17.812
7,1,1858,22.934
8,1,1858,20.513
9,1,1858,15.359
10,1,1858,11.363999999999999
11,1,1858,-0.49499999999999905
12,1,1858,-1.5360000000000007
1,1,1859,-3.8540000000000005
2,1,1859,-1.6939999999999995
3,1,1859,1.678999999999999
4,1,1859,10.164000000000001
5,1,1859,16.577
6,1,1859,18.746000000000002
7,1,1859,22.148
8,1,1859,23.154
9,1,1859,16.788000000000004
10,1,1859,9.935000000000002
11,1,1859,2.3499999999999983
12,1,1859,-0.29800000000000026
1,1,1860,-1.4860000000000007
2,1,1860,-1.947
3,1,1860,-1.7439999999999996
4,1,1860,8.736
5,1,1860,14.556999999999999
6,1,1860,20.778999999999996
7,1,1860,21.657000000000004
8,1,1860,22.097000000000005
9,1,1860,17.269000000000002
10,1,1860,8.456
11,1,1860,1.6979999999999982
12,1,1860,-1.3260000000000005
1,1,1861,-11.622000000000002
2,1,1861,-4.2410000000000005
3,1,1861,2.506000000000002
4,1,1861,5.738999999999999
5,1,1861,12.125000000000002
6,1,1861,19.168
8,1,1861,19.899000000000004
9,1,1861,15.140000000000002
10,1,1861,7.108000000000002
11,1,1861,6.25
12,1,1861,-4.916
1,1,1862,-7.297
2,1,1862,-8.841
3,1,1862,2.911999999999999
4,1,1862,9.818999999999999
5,1,1862,16.367
6,1,1862,21.46
7,1,1862,22.241
8,1,1862,20.522
9,1,1862,15.856
10,1,1862,7.564000000000001
11,1,1862,-0.9500000000000005
12,1,1862,-8.644
1,1,1863,-2.649
2,1,1863,-1.366
3,1,1863,3.8619999999999997
4,1,1863,6.280000000000001
5,1,1863,17.092
6,1,1863,19.014000000000003
7,1,1863,20.779999999999998
8,1,1863,20.764999999999997
9,1,1863,18.228
10,1,1863,9.028
11,1,1863,4.017999999999999
12,1,1863,-2.96
1,1,1864,-8.758
2,1,1864,-2.609000000000001
3,1,1864,4.923000000000002
4,1,1864,8.174000000000001
5,1,1864,12.225000000000001
6,1,1864,21.189999999999998
7,1,1864,19.693
8,1,1864,19.976000000000003
9,1,1864,15.447000000000001
10,1,1864,7.829
11,1,1864,1.5399999999999991
12,1,1864,-6.223
1,1,1865,-0.4510000000000009
2,1,1865,-5.280000000000001
3,1,1865,0.3080000000000006
4,1,1865,7.000999999999999
5,1,1865,15.942
6,1,1865,16.982
7,1,1865,22.554000000000002
8,1,1865,20.744999999999997
9,1,1865,12.891000000000002
10,1,1865,10.057000000000002
11,1,1865,4.095999999999999
12,1,1865,-3.2529999999999997
1,1,1866,-2.1799999999999997
2,1,1866,-3.2319999999999993
3,1,1866,4.507000000000001
4,1,1866,8.499
5,1,1866,13.728
6,1,1866,20.851000000000003
7,1,1866,22.253999999999998
8,1,1866,20.017999999999997
9,1,1866,17.932000000000006
10,1,1866,5.095
11,1,1866,1.9309999999999998
12,1,1866,-2.4710000000000005
1,1,1867,0.769
2,1,1867,-1.1289999999999998
3,1,1867,-2.4610000000000003
4,1,1867,9.16
5,1,1867,15.195
6,1,1867,17.777
7,1,1867,21.942
8,1,1867,19.299999999999997
9,1,1867,14.487
10,1,1867,9.378000000000002
11,1,1867,-0.10900000000000058
12,1,1867,-2.2330000000000005
1,1,1868,-4.418000000000001
2,1,1868,-4.959000000000001
3,1,1868,0.6579999999999981
4,1,1868,7.341
5,1,1868,15.006000000000002
6,1,1868,20.865000000000002
7,1,1868,21.264
8,1,1868,21.502
9,1,1868,17.251
10,1,1868,10.843000000000002
11,1,1868,1.5029999999999986
12,1,1868,-0.4339999999999991
1,1,1869,-8.361
2,1,1869,0.8489999999999991
3,1,1869,4.432999999999999
4,1,1869,8.270999999999999
5,1,1869,16.613
6,1,1869,19.479999999999997
7,1,1869,20.266000000000005
8,1,1869,22.214000000000006
9,1,1869,14.998000000000001
10,1,1869,10.986
11,1,1869,4.583999999999999
12,1,1869,0.20399999999999827
1,1,1870,-1.8350000000000006
2,1,1870,-8.652
3,1,1870,0.9700000000000013
4,1,1870,6.651000000000002
5,1,1870,16.114
6,1,1870,18.261
7,1,1870,21.298
8,1,1870,19.298000000000002
9,1,1870,13.097
10,1,1870,7.1209999999999996
11,1,1870,7.559999999999999
12,1,1870,-3.1379999999999995
1,1,1871,-6.453000000000001
2,1,1871,-7.348000000000002
3,1,1871,0.306999999999999
4,1,1871,7.717
5,1,1871,12.734
6,1,1871,18.756000000000004
7,1,1871,22.615
8,1,1871,22.016
9,1,1871,13.838000000000001
10,1,1871,5.62
11,1,1871,5.123000000000002
12,1,1871,-3.233000000000001
1,1,1872,-1.856000000000001
2,1,1872,-8.75
3,1,1872,2.7540000000000004
4,1,1872,11.406
5,1,1872,20.127000000000002
6,1,1872,18.753999999999998
7,1,1872,20.673
8,1,1872,21.019
9,1,1872,16.869
10,1,1872,9.706
11,1,1872,6.299
12,1,1872,0.0890000000000018
1,1,1873,-0.26900000000000074
2,1,1873,-3.512
3,1,1873,2.574999999999999
4,1,1873,8.262999999999998
5,1,1873,14.575000000000001
6,1,1873,19.649
7,1,1873,21.992
8,1,1873,21.645
9,1,1873,14.861
10,1,1873,10.008000000000001
11,1,1873,3.054
12,1,1873,-1.087000000000001
1,1,1874,-3.4479999999999995
2,1,1874,-3.8640000000000008
3,1,1874,-1.1110000000000002
4,1,1874,8.782
5,1,1874,12.486000000000002
6,1,1874,19.332
7,1,1874,21.095000000000002
8,1,1874,21.866000000000003
9,1,1874,16.528
10,1,1874,9.401
11,1,1874,2.320999999999999
12,1,1874,3.574
1,1,1875,-4.619
2,1,1875,-5.093000000000001
3,1,1875,-5.274000000000001
4,1,1875,4.7200000000000015
5,1,1875,14.700999999999999
6,1,1875,23.066
7,1,1875,22.483999999999998
8,1,1875,20.19
9,1,1875,12.410000000000002
10,1,1875,8.098
11,1,1875,2.989000000000001
12,1,1875,-8.18
1,1,1876,-8.728
2,1,1876,-3.1379999999999995
3,1,1876,4.957999999999999
4,1,1876,11.092000000000002
5,1,1876,13.358000000000002
6,1,1876,20.320999999999998
7,1,1876,21.656000000000002
8,1,1876,20.435000000000002
9,1,1876,16.313
10,1,1876,7.322999999999999
11,1,1876,-1.0490000000000008
12,1,1876,-3.4220000000000006
1,1,1877,-4.581999999999999
2,1,1877,-3.8040000000000007
3,1,1877,2.2719999999999985
4,1,1877,7.791000000000001
5,1,1877,14.459000000000001
6,1,1877,19.399
7,1,1877,20.951
8,1,1877,21.036
9,1,1877,13.898
10,1,1877,7.021
11,1,1877,3.7659999999999982
12,1,1877,-2.562
1,1,1878,-5.795000000000001
2,1,1878,-2.7200000000000006
3,1,1878,1.5909999999999989
4,1,1878,9.104000000000001
5,1,1878,14.844000000000001
6,1,1878,19.966
7,1,1878,19.499000000000002
8,1,1878,20.234
9,1,1878,17.553
10,1,1878,11.766000000000002
11,1,1878,7.017000000000001
12,1,1878,1.0600000000000007
1,1,1879,-5.213000000000001
2,1,1879,1.272
3,1,1879,0.7870000000000015
4,1,1879,9.908999999999999
5,1,1879,15.674000000000001
6,1,1879,20.604
7,1,1879,21.135000000000005
8,1,1879,19.418
10,1,1879,9.310000000000002
11,1,1879,1.4340000000000015
12,1,1879,-6.4559999999999995
1,1,1880,-8.717
2,1,1880,-6.981999999999999
3,1,1880,-2.212
4,1,1880,8.114000000000003
5,1,1880,13.959
6,1,1880,19.358999999999998
7,1,1880,22.23
8,1,1880,20.134999999999998
9,1,1880,14.901000000000002
10,1,1880,9.451
11,1,1880,3.6550000000000007
12,1,1880,-1.3399999999999994
1,1,1881,-6.657000000000001
2,1,1881,-4.72
3,1,1881,0.5640000000000001
4,1,1881,6.917999999999998
5,1,1881,14.869000000000002
6,1,1881,18.068000000000005
7,1,1881,21.145999999999997
8,1,1881,20.423
9,1,1881,14.024000000000001
10,1,1881,6.880000000000001
11,1,1881,1.0269999999999988
12,1,1881,-4.085000000000001
1,1,1882,-2.0740000000000003
2,1,1882,-3.0250000000000004
3,1,1882,4.764000000000001
4,1,1882,8.41
5,1,1882,15.417
6,1,1882,18.275
7,1,1882,23.985000000000003
8,1,1882,20.893
9,1,1882,16.595000000000002
10,1,1882,6.839000000000001
11,1,1882,4.383000000000001
12,1,1882,-2.7360000000000007
1,1,1883,-8.576
2,1,1883,-6.635000000000001
3,1,1883,-0.9890000000000004
4,1,1883,6.444000000000002
5,1,1883,15.837
6,1,1883,20.518
7,1,1883,23.352000000000004
8,1,1883,20.871000000000002
9,1,1883,17.131
10,1,1883,10.003000000000002
11,1,1883,4.343
12,1,1883,-2.3820000000000006
1,1,1884,-4.360999999999999
2,1,1884,-1.0349999999999997
3,1,1884,0.5339999999999989
4,1,1884,6.702000000000001
5,1,1884,14.671000000000001
6,1,1884,18.627
7,1,1884,21.508
8,1,1884,18.366000000000003
9,1,1884,13.565999999999999
10,1,1884,9.000000000000002
11,1,1884,1.0489999999999988
12,1,1884,1.4499999999999997
1,1,1885,-6.448
2,1,1885,-2.1620000000000004
3,1,1885,2.066000000000001
4,1,1885,9.144000000000002
5,1,1885,15.640999999999998
6,1,1885,20.762
7,1,1885,23.225000000000005
8,1,1885,19.063000000000002
9,1,1885,15.327
10,1,1885,11.581
11,1,1885,1.7789999999999988
12,1,1885,-1.8699999999999999
1,1,1886,-1.1660000000000004
2,1,1886,-5.239
3,1,1886,-0.682999999999999
4,1,1886,8.546000000000003
5,1,1886,15.762
6,1,1886,19.387000000000004
7,1,1886,19.793
8,1,1886,20.633
9,1,1886,15.505
10,1,1886,7.574000000000002
11,1,1886,4.058999999999998
12,1,1886,4.031000000000001
1,1,1887,-2.7339999999999995
2,1,1887,-5.263000000000001
3,1,1887,1.4979999999999984
4,1,1887,7.557999999999999
5,1,1887,17.448
6,1,1887,17.166999999999998
7,1,1887,21.228000000000005
8,1,1887,20.339999999999996
9,1,1887,17.762999999999998
10,1,1887,8.815
11,1,1887,4.957000000000002
12,1,1887,0.8639999999999997
1,1,1888,-7.511
2,1,1888,-6.320000000000001
3,1,1888,1.6050000000000018
4,1,1888,9.993999999999998
5,1,1888,15.050000000000002
6,1,1888,18.518000000000004
7,1,1888,20.909000000000002
8,1,1888,19.992000000000004
9,1,1888,15.267999999999999
10,1,1888,10.406000000000002
11,1,1888,0.23200000000000012
12,1,1888,-5.582999999999999
1,1,1889,-8.987
2,1,1889,-1.8829999999999991
3,1,1889,-0.993000000000001
4,1,1889,8.668000000000003
5,1,1889,16.562
6,1,1889,19.398
7,1,1889,23.278999999999996
8,1,1889,21.227000000000004
9,1,1889,12.987000000000002
10,1,1889,11.362
11,1,1889,4.183999999999999
12,1,1889,-5.885000000000001
1,1,1890,-3.9399999999999995
2,1,1890,-6.133000000000001
3,1,1890,3.209000000000002
4,1,1890,10.703
5,1,1890,16.749000000000002
6,1,1890,17.975
7,1,1890,23.131000000000004
8,1,1890,23.754
9,1,1890,15.528000000000002
10,1,1890,8.267999999999999
11,1,1890,3.465000000000001
12,1,1890,-8.664
1,1,1891,-7.053999999999999
2,1,1891,-7.454000000000001
3,1,1891,2.567000000000002
4,1,1891,7.143
5,1,1891,16.43
6,1,1891,19.973000000000006
7,1,1891,23.376000000000005
8,1,1891,21.692999999999998
9,1,1891,15.986
10,1,1891,8.945
11,1,1891,0.6509999999999987
12,1,1891,-1.1579999999999993
1,1,1892,-6.179
2,1,1892,-0.7979999999999995
3,1,1892,1.079
4,1,1892,8.94
5,1,1892,16.619
6,1,1892,21.71
7,1,1892,21.187
8,1,1892,21.577
9,1,1892,18.601999999999997
10,1,1892,10.521000000000003
11,1,1892,0.6160000000000012
12,1,1892,-4.077999999999999
1,1,1893,-11.849000000000002
2,1,1893,-4.382999999999999
3,1,1893,0.9620000000000002
4,1,1893,4.427000000000001
5,1,1893,13.491
6,1,1893,18.104
7,1,1893,20.945999999999998
8,1,1893,20.593000000000004
9,1,1893,14.834000000000001
10,1,1893,10.468
11,1,1893,4.122999999999999
12,1,1893,-2.2479999999999993
1,1,1894,-8.164
2,1,1894,-2.192999999999999
3,1,1894,2.4350000000000014
4,1,1894,8.362
5,1,1894,14.664000000000001
6,1,1894,16.838
7,1,1894,22.053000000000004
8,1,1894,20.910999999999998
9,1,1894,13.052000000000001
10,1,1894,9.566
11,1,1894,1.275000000000001
12,1,1894,-2.9090000000000003
1,1,1895,1.311
2,1,1895,-3.291
3,1,1895,1.4040000000000004
4,1,1895,7.823999999999999
6,1,1895,18.571999999999996
7,1,1895,23.188
8,1,1895,21.197000000000003
9,1,1895,14.852000000000002
10,1,1895,11.370000000000001
11,1,1895,3.0300000000000007
12,1,1895,-5.458
1,1,1896,-10.546
2,1,1896,-4.564
3,1,1896,0.3799999999999986
4,1,1896,5.059999999999999
5,1,1896,14.176000000000002
6,1,1896,19.665999999999997
7,1,1896,21.574999999999996
8,1,1896,21.975000000000005
9,1,1896,16.828
10,1,1896,13.291
11,1,1896,1.2770000000000004
12,1,1896,-1.6310000000000002
1,1,1897,-5.427
2,1,1897,-2.3050000000000006
3,1,1897,3.1350000000000007
4,1,1897,10.344
5,1,1897,17.256
6,1,1897,20.18
7,1,1897,23.386999999999997
8,1,1897,22.286
9,1,1897,17.373
10,1,1897,9.022000000000002
12,1,1897,-4.799000000000001
1,1,1898,-3.247
2,1,1898,-2.2950000000000004
3,1,1898,-1.8690000000000002
4,1,1898,6.917000000000001
5,1,1898,16.234
6,1,1898,17.736
7,1,1898,21.055
8,1,1898,20.921
9,1,1898,14.422000000000002
10,1,1898,7.589000000000002
11,1,1898,4.217999999999999
12,1,1898,0.8790000000000002
1,1,1899,0.711000000000001
2,1,1899,-1.7900000000000007
3,1,1899,1.524000000000001
4,1,1899,9.803999999999998
5,1,1899,16.505000000000003
6,1,1899,17.92
7,1,1899,21.607000000000003
8,1,1899,19.011000000000003
9,1,1899,16.474
10,1,1899,8.699000000000002
11,1,1899,3.634000000000002
12,1,1899,-6.585000000000001
1,1,1900,-3.615000000000001
2,1,1900,-1.2629999999999995
3,1,1900,0.037999999999998285
4,1,1900,7.723999999999999
5,1,1900,15.408000000000001
6,1,1900,18.875999999999998
7,1,1900,22.603
8,1,1900,22.549000000000003
9,1,1900,14.408
10,1,1900,11.11
11,1,1900,1.5530000000000006
12,1,1900,0.459
1,1,1901,-5.823
2,1,1901,-2.8530000000000006
3,1,1901,3.052999999999998
4,1,1901,9.035
5,1,1901,15.676
6,1,1901,22.622
7,1,1901,22.073999999999998
8,1,1901,21.588
9,1,1901,14.139999999999999
10,1,1901,8.599
11,1,1901,1.622999999999999
12,1,1901,2.1359999999999997
1,1,1902,0.3210000000000019
2,1,1902,-0.9270000000000008
3,1,1902,1.6360000000000006
4,1,1902,7.1209999999999996
5,1,1902,13.763000000000002
6,1,1902,19.650000000000002
7,1,1902,19.613
8,1,1902,20.719
9,1,1902,14.088000000000003
10,1,1902,7.310999999999999
11,1,1902,-2.649
12,1,1902,-6.880000000000001
1,1,1903,-4.1400000000000015
2,1,1903,0.11599999999999809
3,1,1903,3.404999999999999
4,1,1903,9.925999999999998
5,1,1903,15.692000000000002
6,1,1903,20.288
7,1,1903,21.711000000000006
8,1,1903,20.862
9,1,1903,16.139
10,1,1903,9.395999999999999
11,1,1903,4.012000000000001
12,1,1903,-2.688
1,1,1904,-6.765
2,1,1904,0.27200000000000163
3,1,1904,-0.3640000000000004
4,1,1904,7.28
5,1,1904,13.899000000000001
6,1,1904,18.430999999999997
7,1,1904,21.043
8,1,1904,20.8
9,1,1904,14.738
10,1,1904,10.089000000000002
11,1,1904,2.1429999999999993
12,1,1904,-0.22699999999999992
1,1,1905,-7.073
2,1,1905,-2.8760000000000003
3,1,1905,0.2729999999999993
4,1,1905,7.779000000000002
5,1,1905,16.214000000000002
6,1,1905,20.017000000000003
7,1,1905,22.294
8,1,1905,22.692000000000004
9,1,1905,16.689
10,1,1905,10.234
11,1,1905,6.065999999999999
12,1,1905,-1.8190000000000004
1,1,1906,-2.1479999999999992
2,1,1906,-2.0379999999999994
3,1,1906,4.837999999999999
4,1,1906,10.142999999999999
5,1,1906,17.951999999999998
6,1,1906,20.889000000000003
7,1,1906,21.734
8,1,1906,19.171000000000003
9,1,1906,14.081
10,1,1906,7.066000000000002
11,1,1906,4.316
12,1,1906,-0.48699999999999993
1,1,1907,-6.389
2,1,1907,-6.554
3,1,1907,-0.8199999999999995
4,1,1907,6.299
5,1,1907,18.106
6,1,1907,19.374
7,1,1907,21.369999999999997
8,1,1907,20.265000000000004
9,1,1907,15.171000000000001
10,1,1907,10.867
11,1,1907,-0.6620000000000006
12,1,1907,-2.8839999999999995
1,1,1908,-4.351000000000001
2,1,1908,-0.7520000000000001
3,1,1908,0.8929999999999991
4,1,1908,7.352000000000002
5,1,1908,15.931000000000003
6,1,1908,19.198
7,1,1908,21.208999999999996
8,1,1908,20.024
9,1,1908,14.854999999999999
10,1,1908,7.159000000000002
11,1,1908,-1.6690000000000005
12,1,1908,-5.2860000000000005
1,1,1909,-7.994999999999999
2,1,1909,-7.547
4,1,1909,7.213000000000002
5,1,1909,15.065
6,1,1909,18.625999999999998
7,1,1909,22.109
8,1,1909,21.887999999999998
9,1,1909,19.637999999999998
10,1,1909,12.043
11,1,1909,4.0329999999999995
12,1,1909,0.4239999999999987
1,1,1910,-2.3639999999999994
2,1,1910,0.29100000000000076
3,1,1910,2.022999999999999
4,1,1910,9.642000000000001
5,1,1910,16.047
6,1,1910,19.891
7,1,1910,21.447999999999997
8,1,1910,19.711
9,1,1910,15.668
10,1,1910,7.488
11,1,1910,5.062000000000002
12,1,1910,-0.3700000000000002
1,1,1911,-5.703
2,1,1911,-10.603
3,1,1911,-0.32299999999999923
4,1,1911,8.222
5,1,1911,17.176000000000002
6,1,1911,17.803
7,1,1911,20.427000000000003
8,1,1911,20.708000000000002
9,1,1911,14.756
10,1,1911,9.548
11,1,1911,4.810999999999998
12,1,1911,-2.7540000000000004
1,1,1912,-6.983000000000001
2,1,1912,-3.3419999999999996
3,1,1912,3.7240000000000015
4,1,1912,7.034000000000001
5,1,1912,12.574000000000002
6,1,1912,19.381000000000004
7,1,1912,19.241999999999997
8,1,1912,19.401999999999997
9,1,1912,14.510000000000002
10,1,1912,4.649999999999999
11,1,1912,2.1159999999999988
12,1,1912,0.885000000000002
1,1,1913,-4.005999999999999
2,1,1913,-3.9
3,1,1913,4.578000000000001
4,1,1913,10.598
5,1,1913,13.782000000000002
6,1,1913,17.456
7,1,1913,19.860999999999997
8,1,1913,20.718
9,1,1913,16.436999999999998
10,1,1913,8.411000000000001
11,1,1913,4.651000000000001
12,1,1913,1.0480000000000012
1,1,1914,-4.632
2,1,1914,1.0829999999999984
3,1,1914,5.142000000000001
4,1,1914,9.237000000000002
5,1,1914,15.487000000000002
6,1,1914,19.521
7,1,1914,21.994999999999997
8,1,1914,19.194
9,1,1914,13.142000000000001
10,1,1914,7.4010000000000025
11,1,1914,-1.159000000000001
12,1,1914,-0.83
1,1,1915,0.2990000000000019
2,1,1915,-1.6590000000000003
3,1,1915,0.5700000000000018
4,1,1915,9.197000000000001
5,1,1915,14.026000000000002
6,1,1915,19.203
7,1,1915,22.351000000000006
8,1,1915,18.820000000000004
9,1,1915,14.088000000000003
10,1,1915,7.7490000000000006
11,1,1915,3.1840000000000006
12,1,1915,0.7559999999999987
1,1,1916,-1.9539999999999995
2,1,1916,-0.31400000000000045
3,1,1916,3.4060000000000006
4,1,1916,9.475
5,1,1916,14.205000000000002
6,1,1916,18.562000000000005
7,1,1916,20.847000000000005
8,1,1916,19.326
9,1,1916,13.823
10,1,1916,9.605
11,1,1916,3.350000000000001
12,1,1916,-0.6659999999999993
1,1,1917,-3.435
2,1,1917,-8.879
3,1,1917,-0.6259999999999997
4,1,1917,9.642999999999999
5,1,1917,13.205
6,1,1917,19.645000000000003
7,1,1917,20.308
8,1,1917,21.601
9,1,1917,15.335999999999999
10,1,1917,10.075
11,1,1917,6.341999999999999
12,1,1917,-2.9109999999999996
1,1,1918,-1.2440000000000002
2,1,1918,-1.6420000000000003
3,1,1918,1.5340000000000014
4,1,1918,9.466000000000001
5,1,1918,13.475000000000001
6,1,1918,18.332000000000004
7,1,1918,20.844
8,1,1918,19.788999999999998
9,1,1918,18.136000000000003
10,1,1918,13.85
11,1,1918,2.325999999999999
12,1,1918,-0.30300000000000044
1,1,1919,-2.2340000000000004
2,1,1919,-3.303
3,1,1919,1.5329999999999997
4,1,1919,10.335
5,1,1919,12.112
6,1,1919,17.994000000000003
7,1,1919,21.022999999999996
8,1,1919,19.215000000000003
9,1,1919,17.714
10,1,1919,9.898000000000001
11,1,1919,1.6510000000000011
12,1,1919,-1.5630000000000008
1,1,1920,-2.896000000000001
2,1,1920,-6.0150000000000015
3,1,1920,3.3829999999999987
4,1,1920,11.89
5,1,1920,17.466
6,1,1920,19.051
7,1,1920,23.415999999999997
8,1,1920,22.541000000000004
9,1,1920,15.393
10,1,1920,3.580999999999999
11,1,1920,-2.9779999999999993
12,1,1920,-4.917
1,1,1921,-0.5190000000000003
2,1,1921,-6.668000000000001
3,1,1921,3.448999999999999
4,1,1921,9.788999999999998
5,1,1921,18.293999999999997
6,1,1921,19.173
7,1,1921,21.643000000000004
8,1,1921,22.299
9,1,1921,13.436000000000002
10,1,1921,7.8359999999999985
11,1,1921,0.21800000000000117
12,1,1921,-4.31
1,1,1922,-5.7379999999999995
2,1,1922,-3.744
3,1,1922,4.255
4,1,1922,8.425
5,1,1922,15.991
6,1,1922,19.333000000000006
7,1,1922,23.24
8,1,1922,20.622000000000003
9,1,1922,14.576000000000002
10,1,1922,6.892
11,1,1922,2.8729999999999993
12,1,1922,-1.211
1,1,1923,-1.814
2,1,1923,-4.965000000000001
3,1,1923,2.9030000000000005
4,1,1923,7.608000000000001
5,1,1923,18.204
6,1,1923,18.952000000000005
7,1,1923,21.519000000000002
8,1,1923,19.068
9,1,1923,17.949
10,1,1923,11.944999999999999
11,1,1923,8.636000000000001
12,1,1923,-0.7649999999999995
1,1,1924,-9.558
2,1,1924,-5.767000000000001
3,1,1924,-0.9629999999999999
4,1,1924,7.630000000000002
5,1,1924,17.7
6,1,1924,22.997
7,1,1924,21.105999999999998
8,1,1924,21.110999999999997
9,1,1924,19.060000000000006
10,1,1924,9.178
11,1,1924,1.7150000000000019
12,1,1924,-4.085000000000001
1,1,1925,-1.4729999999999994
2,1,1925,2.406000000000002
3,1,1925,4.026000000000001
4,1,1925,9.193000000000001
5,1,1925,15.981
6,1,1925,17.047000000000004
7,1,1925,21.593000000000004
8,1,1925,20.192000000000004
9,1,1925,15.150000000000002
10,1,1925,8.804999999999998
11,1,1925,5.213000000000001
12,1,1925,-2.6430000000000002
1,1,1926,-4.1659999999999995
2,1,1926,-4.091000000000001
3,1,1926,-0.16599999999999998
4,1,1926,9.536
5,1,1926,15.766
6,1,1926,19.348000000000006
7,1,1926,22.205
8,1,1926,18.439999999999998
9,1,1926,14.165000000000001
10,1,1926,9.622000000000002
11,1,1926,6.787
12,1,1926,-0.9510000000000002
1,1,1927,-5.117
2,1,1927,-6.215000000000001
3,1,1927,3.4310000000000014
4,1,1927,9.157
5,1,1927,14.633
6,1,1927,21.071999999999996
7,1,1927,22.189999999999998
8,1,1927,22.795000000000005
9,1,1927,18.150000000000002
10,1,1927,10.725
11,1,1927,3.811
12,1,1927,-7.587000000000001
1,1,1928,-5.0440000000000005
2,1,1928,-7.324999999999999
3,1,1928,-2.8690000000000007
4,1,1928,8.870000000000001
5,1,1928,14.739999999999998
6,1,1928,17.363
7,1,1928,22.569000000000003
8,1,1928,19.230000000000004
9,1,1928,15.689000000000002
10,1,1928,7.9030000000000005
11,1,1928,5.542
12,1,1928,-1.0340000000000003
1,1,1929,-5.913
2,1,1929,-13.836000000000002
3,1,1929,-3.928
4,1,1929,4.146000000000001
5,1,1929,17.319
6,1,1929,18.686
7,1,1929,21.369000000000003
8,1,1929,24.859
9,1,1929,14.014000000000001
10,1,1929,12.332
11,1,1929,4.9209999999999985
12,1,1929,-1.5289999999999992
1,1,1930,-2.0070000000000006
2,1,1930,-2.6069999999999993
3,1,1930,4.190999999999999
4,1,1930,9.684
5,1,1930,15.463
6,1,1930,17.911
7,1,1930,21.270000000000003
8,1,1930,21.511000000000003
9,1,1930,15.614000000000003
10,1,1930,10.327
11,1,1930,5.594000000000001
12,1,1930,-2.976
1,1,1931,-4.819999999999999
2,1,1931,-6.694999999999999
3,1,1931,0.12599999999999847
4,1,1931,5.601000000000001
5,1,1931,17.200000000000003
6,1,1931,20.425
7,1,1931,24.097
8,1,1931,20.299000000000003
9,1,1931,14.375
10,1,1931,8.381
11,1,1931,1.0119999999999982
12,1,1931,-4.019000000000001
1,1,1932,-2.396
2,1,1932,-9.685
3,1,1932,-3.3479999999999994
4,1,1932,8.345
5,1,1932,15.859
6,1,1932,19.244000000000003
7,1,1932,21.669
8,1,1932,21.036
9,1,1932,18.185000000000002
10,1,1932,12.161000000000001
11,1,1932,3.1799999999999984
12,1,1932,-0.04300000000000045
2,1,1933,-3.858000000000001
3,1,1933,0.3840000000000012
4,1,1933,5.838999999999999
5,1,1933,13.555000000000001
6,1,1933,16.625
7,1,1933,20.650000000000002
8,1,1933,19.263
9,1,1933,13.646000000000003
10,1,1933,9.832999999999998
11,1,1933,4.012999999999999
12,1,1933,-7.451
1,1,1934,-4.807
2,1,1934,-3.0630000000000006
3,1,1934,4.382
4,1,1934,10.447999999999999
5,1,1934,17.888000000000005
6,1,1934,19.332
7,1,1934,21.728
8,1,1934,21.413999999999998
9,1,1934,16.724
10,1,1934,10.835
11,1,1934,4.849999999999999
12,1,1934,-4.935999999999999
1,1,1935,-8.426
2,1,1935,-2.7789999999999995
3,1,1935,0.8870000000000012
4,1,1935,9.045
5,1,1935,14.511
6,1,1935,20.577
7,1,1935,20.559000000000005
8,1,1935,21.028
9,1,1935,16.163000000000004
10,1,1935,13.205
11,1,1935,0.32899999999999907
12,1,1935,1.1779999999999982
1,1,1936,1.4480000000000004
2,1,1936,-3.1049999999999995
3,1,1936,4.248
4,1,1936,9.038
5,1,1936,16.098
6,1,1936,19.869000000000003
7,1,1936,25.751
8,1,1936,21.278
9,1,1936,14.616
10,1,1936,7.9060000000000015
11,1,1936,4.132000000000002
12,1,1936,-1.1870000000000007
1,1,1937,-7.3790000000000004
2,1,1937,-3.6519999999999997
3,1,1937,4.432999999999999
4,1,1937,8.770999999999999
5,1,1937,17.769000000000002
6,1,1937,19.857
7,1,1937,23.084
8,1,1937,21.552
9,1,1937,19.282
10,1,1937,9.190000000000001
11,1,1937,4.505000000000001
12,1,1937,1.8880000000000015
1,1,1938,-4.194999999999999
2,1,1938,-2.0089999999999995
3,1,1938,3.714999999999999
4,1,1938,8.382000000000001
5,1,1938,15.140000000000002
6,1,1938,20.235000000000003
7,1,1938,25.381
8,1,1938,23.698000000000004
9,1,1938,17.053
10,1,1938,11.677
11,1,1938,5.747
12,1,1938,-4.507000000000001
1,1,1939,-0.8589999999999994
2,1,1939,-0.12199999999999989
3,1,1939,0.8659999999999989
4,1,1939,10.026
5,1,1939,16.385
6,1,1939,21.037000000000003
7,1,1939,23.503000000000004
8,1,1939,22.331000000000003
9,1,1939,15.692000000000002
10,1,1939,7.701999999999999
11,1,1939,2.994999999999999
12,1,1939,-1.1490000000000005
1,1,1940,-8.379000000000001
2,1,1940,-4.669
3,1,1940,-1.0340000000000003
4,1,1940,7.434
5,1,1940,13.875000000000002
7,1,1940,21.83
8,1,1940,20.219
9,1,1940,15.564
10,1,1940,7.7540000000000004
11,1,1940,6.509
12,1,1940,-4.382999999999999
1,1,1941,-6.304000000000001
2,1,1941,-0.7429999999999993
3,1,1941,0.5509999999999988
4,1,1941,10.112
5,1,1941,13.947
6,1,1941,18.127999999999997
7,1,1941,21.983
8,1,1941,20.250000000000004
9,1,1941,13.316
10,1,1941,7.308999999999999
11,1,1941,-1.8900000000000006
12,1,1941,-3.859000000000001
1,1,1942,-12.568
2,1,1942,-5.341000000000001
3,1,1942,-3.701
4,1,1942,5.999000000000001
5,1,1942,15.350999999999999
6,1,1942,18.848000000000003
7,1,1942,21.159000000000002
8,1,1942,20.695000000000004
9,1,1942,16.537
10,1,1942,9.615000000000002
11,1,1942,0.603
12,1,1942,-2.2220000000000004
1,1,1943,-6.698
2,1,1943,-3.449000000000001
3,1,1943,0.9659999999999987
4,1,1943,10.067000000000002
5,1,1943,14.764000000000001
6,1,1943,19.250999999999998
7,1,1943,20.445
8,1,1943,21.938
9,1,1943,16.387999999999998
10,1,1943,10.459
11,1,1943,4.615999999999999
12,1,1943,-1.3590000000000007
1,1,1944,-2.6019999999999994
2,1,1944,-0.3740000000000008
3,1,1944,2.218000000000002
4,1,1944,7.825000000000001
5,1,1944,13.760000000000002
6,1,1944,19.284999999999997
7,1,1944,21.66
8,1,1944,20.328000000000003
9,1,1944,17.039
10,1,1944,11.189
11,1,1944,5.335000000000001
12,1,1944,-2.775000000000001
1,1,1945,-4.935999999999999
2,1,1945,-5.194
3,1,1945,0.5019999999999986
4,1,1945,7.301000000000002
5,1,1945,14.268999999999998
6,1,1945,19.102
7,1,1945,21.324
8,1,1945,20.903
9,1,1945,16.154
10,1,1945,8.122
11,1,1945,1.9089999999999998
12,1,1945,-3.6430000000000007
1,1,1946,-4.894
2,1,1946,-1.9049999999999991
3,1,1946,1.983000000000001
4,1,1946,9.930000000000001
5,1,1946,17.768
6,1,1946,22.543
7,1,1946,22.45
8,1,1946,24.029000000000003
9,1,1946,17.758
10,1,1946,5.147999999999999
11,1,1946,2.388000000000001
12,1,1946,-4.711
1,1,1947,-10.546
2,1,1947,-4.172999999999999
3,1,1947,3.543000000000001
4,1,1947,10.460000000000003
5,1,1947,15.632
6,1,1947,21.085
7,1,1947,23.071
8,1,1947,20.297
9,1,1947,15.926000000000002
10,1,1947,5.603000000000001
11,1,1947,3.5589999999999993
12,1,1947,1.1489999999999987
1,1,1948,1.1709999999999987
2,1,1948,-3.136
3,1,1948,-0.5190000000000003
4,1,1948,9.684
5,1,1948,17.312
6,1,1948,20.628999999999998
7,1,1948,20.59
8,1,1948,21.647999999999996
9,1,1948,14.956000000000001
10,1,1948,9.431000000000001
11,1,1948,1.7610000000000012
12,1,1948,-6.031
1,1,1949,-1.5499999999999996
2,1,1949,-3.5699999999999994
3,1,1949,1.145
4,1,1949,7.545000000000002
6,1,1949,17.916000000000004
7,1,1949,21.153000000000002
8,1,1949,20.017000000000003
9,1,1949,15.634
10,1,1949,7.551
11,1,1949,6.114000000000002
12,1,1949,1.5510000000000013
1,1,1950,-11.449
2,1,1950,-1.3909999999999991
3,1,1950,2.4880000000000004
4,1,1950,13.206000000000001
5,1,1950,17.344
6,1,1950,18.964
7,1,1950,21.391
8,1,1950,19.671
9,1,1950,17.287
10,1,1950,8.189000000000002
11,1,1950,4.154000000000002
12,1,1950,1.5730000000000013
1,1,1951,-4.005999999999999
2,1,1951,-3.862999999999999
3,1,1951,2.796999999999999
4,1,1951,12.193000000000001
5,1,1951,16.097
6,1,1951,20.852000000000004
7,1,1951,22.956999999999997
8,1,1951,23.000000000000004
9,1,1951,16.75
10,1,1951,5.2860000000000005
11,1,1951,4.111
12,1,1951,-0.19399999999999987
1,1,1952,0.43199999999999983
2,1,1952,-0.9280000000000005
3,1,1952,-3.164
4,1,1952,9.853
5,1,1952,13.899000000000001
6,1,1952,18.332000000000004
7,1,1952,21.206
8,1,1952,22.359
9,1,1952,17.575
10,1,1952,11.557
11,1,1952,4.415000000000002
12,1,1952,-0.8680000000000002
1,1,1953,-3.038
2,1,1953,-3.875000000000001
3,1,1953,0.7500000000000008
4,1,1953,8.338999999999999
5,1,1953,14.512999999999998
6,1,1953,21.41
7,1,1953,22.92
8,1,1953,22.142
10,1,1953,9.010000000000002
11,1,1953,-1.7779999999999991
12,1,1953,-4.046000000000001
1,1,1954,-12.261000000000001
2,1,1954,-13.331999999999999
3,1,1954,1.0219999999999985
4,1,1954,6.699
5,1,1954,16.615
6,1,1954,22.782
7,1,1954,22.588
8,1,1954,23.111
9,1,1954,18.702
10,1,1954,10.020000000000001
11,1,1954,4.8340000000000005
12,1,1954,-0.7249999999999999
1,1,1955,-0.946
2,1,1955,0.0779999999999998
3,1,1955,1.0999999999999983
4,1,1955,5.772000000000001
5,1,1955,14.817
6,1,1955,18.051
7,1,1955,22.188000000000002
8,1,1955,20.771
9,1,1955,17.593
10,1,1955,12.666
11,1,1955,0.6820000000000014
12,1,1955,-0.9440000000000007
1,1,1956,-2.2969999999999997
2,1,1956,-10.0
3,1,1956,-1.679000000000001
4,1,1956,8.325
5,1,1956,14.422000000000002
6,1,1956,20.122
7,1,1956,20.053
8,1,1956,21.401
9,1,1956,13.711
10,1,1956,9.386
11,1,1956,-1.0110000000000006
12,1,1956,-1.6680000000000008
1,1,1957,-3.8949999999999996
2,1,1957,1.0609999999999984
3,1,1957,0.5629999999999985
4,1,1957,10.089000000000002
5,1,1957,15.342
7,1,1957,22.997
8,1,1957,22.502000000000006
9,1,1957,17.104
10,1,1957,8.511999999999999
11,1,1957,4.332000000000002
12,1,1957,-2.3500000000000005
1,1,1958,-2.2230000000000003
2,1,1958,1.270000000000001
3,1,1958,1.3719999999999999
4,1,1958,7.351
5,1,1958,18.349
6,1,1958,17.989
7,1,1958,21.359
8,1,1958,21.012000000000004
9,1,1958,13.802000000000001
10,1,1958,8.457
11,1,1958,1.990999999999998
12,1,1958,1.3759999999999986
1,1,1959,-0.7749999999999998
2,1,1959,-2.843
3,1,1959,2.088000000000001
4,1,1959,8.492
5,1,1959,14.922
6,1,1959,19.669000000000004
7,1,1959,25.017000000000007
8,1,1959,21.377000000000002
9,1,1959,12.924
10,1,1959,6.24
11,1,1959,1.7710000000000017
12,1,1959,-2.9269999999999996
1,1,1960,-2.192999999999999
2,1,1960,-2.973000000000001
3,1,1960,-0.39000000000000096
4,1,1960,8.905000000000003
5,1,1960,15.334
6,1,1960,20.59
7,1,1960,22.517999999999997
8,1,1960,20.075999999999997
9,1,1960,13.770999999999999
10,1,1960,12.017000000000001
11,1,1960,6.153999999999999
12,1,1960,4.761999999999999
1,1,1961,-3.413
2,1,1961,-1.538
3,1,1961,4.217000000000001
4,1,1961,10.852
5,1,1961,13.966000000000003
6,1,1961,20.978
7,1,1961,21.563000000000002
8,1,1961,21.503
9,1,1961,16.136000000000003
10,1,1961,9.322000000000001
11,1,1961,4.691000000000002
12,1,1961,-1.795000000000001
1,1,1962,-0.8869999999999993
2,1,1962,-2.149000000000001
3,1,1962,1.809
4,1,1962,10.765000000000002
5,1,1962,16.368000000000002
6,1,1962,19.394
7,1,1962,20.666999999999998
8,1,1962,21.752
9,1,1962,15.801000000000002
10,1,1962,10.128000000000002
11,1,1962,5.814000000000002
12,1,1962,-2.323
1,1,1963,-12.062000000000001
2,1,1963,-2.597000000000001
3,1,1963,-1.7640000000000002
4,1,1963,7.960999999999999
5,1,1963,17.656
6,1,1963,19.372000000000003
7,1,1963,23.716
8,1,1963,22.729
10,1,1963,9.995000000000001
11,1,1963,6.126000000000001
12,1,1963,-5.0009999999999994
1,1,1964,-7.087
2,1,1964,-5.020000000000001
3,1,1964,-1.4380000000000002
4,1,1964,8.778000000000002
5,1,1964,13.826999999999998
6,1,1964,22.139000000000003
7,1,1964,22.055
8,1,1964,19.142000000000003
9,1,1964,16.099
10,1,1964,10.886
11,1,1964,3.3530000000000015
12,1,1964,2.0719999999999987
1,1,1965,-2.7590000000000003
2,1,1965,-5.943
3,1,1965,1.8050000000000013
4,1,1965,5.521999999999999
5,1,1965,14.157
6,1,1965,19.990000000000002
7,1,1965,20.971
8,1,1965,19.768000000000004
9,1,1965,16.491
10,1,1965,7.667000000000002
11,1,1965,1.524000000000001
12,1,1965,2.1939999999999986
1,1,1966,-0.6109999999999991
2,1,1966,1.7769999999999995
3,1,1966,4.818000000000002
4,1,1966,12.227000000000002
5,1,1966,16.249
6,1,1966,17.76
7,1,1966,23.271
8,1,1966,22.432000000000002
9,1,1966,15.260000000000003
10,1,1966,12.878
11,1,1966,4.788000000000001
12,1,1966,-0.4709999999999997
1,1,1967,-6.566
2,1,1967,-5.558000000000001
3,1,1967,1.9710000000000014
4,1,1967,10.571
5,1,1967,17.206
6,1,1967,18.902
7,1,1967,22.412000000000003
8,1,1967,21.703
9,1,1967,17.343
10,1,1967,11.966999999999999
11,1,1967,5.867000000000001
12,1,1967,-2.0429999999999993
1,1,1968,-6.3629999999999995
2,1,1968,-2.3809999999999993
3,1,1968,2.8890000000000016
4,1,1968,11.511000000000001
5,1,1968,17.964000000000002
6,1,1968,20.483
7,1,1968,20.559000000000005
8,1,1968,20.657999999999998
9,1,1968,16.967
10,1,1968,8.687999999999999
11,1,1968,3.2979999999999996
12,1,1968,-2.1280000000000006
1,1,1969,-7.403
2,1,1969,-5.369000000000001
3,1,1969,-1.5609999999999997
4,1,1969,7.926000000000002
5,1,1969,15.491999999999999
6,1,1969,19.137000000000004
7,1,1969,20.258
8,1,1969,21.416
9,1,1969,15.250000000000002
10,1,1969,7.928000000000002
11,1,1969,6.602999999999999
12,1,1969,-3.3880000000000012
1,1,1970,-2.562
2,1,1970,-1.4499999999999997
3,1,1970,3.3180000000000005
4,1,1970,11.775
5,1,1970,15.496999999999998
6,1,1970,18.162
7,1,1970,23.559
8,1,1970,19.392000000000003
9,1,1970,15.414
10,1,1970,7.773
11,1,1970,4.524
12,1,1970,-0.946
1,1,1971,-0.932000000000001
2,1,1971,-2.4650000000000007
3,1,1971,0.29800000000000026
4,1,1971,8.704999999999998
5,1,1971,16.369
6,1,1971,19.299999999999997
7,1,1971,21.303
8,1,1971,21.684
9,1,1971,15.054999999999998
10,1,1971,8.125
11,1,1971,4.473999999999998
12,1,1971,0.7469999999999999
1,1,1972,-10.384000000000002
2,1,1972,-4.021
3,1,1972,1.9739999999999984
4,1,1972,12.493
5,1,1972,16.881000000000004
6,1,1972,21.715000000000003
7,1,1972,23.508999999999997
8,1,1972,22.741999999999997
9,1,1972,15.450999999999999
10,1,1972,8.486
11,1,1972,4.754000000000001
12,1,1972,-0.3200000000000003
1,1,1973,-6.618000000000001
2,1,1973,0.17100000000000018
3,1,1973,1.7469999999999983
4,1,1973,10.337
5,1,1973,15.105
6,1,1973,18.638
7,1,1973,21.485000000000003
8,1,1973,19.099000000000004
9,1,1973,14.312000000000001
10,1,1973,8.51
11,1,1973,1.6369999999999982
12,1,1973,-1.2480000000000007
1,1,1974,-5.56
2,1,1974,0.2860000000000006
3,1,1974,2.8250000000000006
4,1,1974,7.427999999999998
5,1,1974,13.853000000000002
6,1,1974,18.825999999999997
7,1,1974,20.040000000000003
8,1,1974,20.988000000000003
9,1,1974,17.076999999999998
10,1,1974,12.228
11,1,1974,3.8589999999999987
12,1,1974,1.0559999999999983
1,1,1975,0.3829999999999995
2,1,1975,-2.0149999999999997
3,1,1975,4.742000000000002
4,1,1975,12.283999999999999
5,1,1975,18.029999999999998
6,1,1975,22.522
7,1,1975,22.73
8,1,1975,21.740999999999996
9,1,1975,18.051
10,1,1975,8.995999999999999
11,1,1975,1.3049999999999982
12,1,1975,-0.918
1,1,1976,-4.021
2,1,1976,-8.105
3,1,1976,0.614000000000002
4,1,1976,10.927
5,1,1976,13.895000000000001
6,1,1976,18.125
7,1,1976,20.109
8,1,1976,18.281
9,1,1976,14.946
10,1,1976,5.736000000000002
11,1,1976,3.4360000000000017
12,1,1976,0.11000000000000022
1,1,1977,-6.469000000000001
2,1,1977,2.202
3,1,1977,3.8820000000000006
4,1,1977,9.246
5,1,1977,15.552999999999999
6,1,1977,18.383
7,1,1977,20.766
8,1,1977,19.868000000000002
9,1,1977,13.831999999999999
10,1,1977,7.706000000000002
11,1,1977,6.207000000000002
12,1,1977,-3.5639999999999996
1,1,1978,-5.0440000000000005
2,1,1978,-2.3320000000000007
3,1,1978,4.0070000000000014
4,1,1978,9.017000000000001
5,1,1978,13.701
6,1,1978,18.256
7,1,1978,19.694999999999997
8,1,1978,19.283
9,1,1978,15.112
10,1,1978,9.665
11,1,1978,4.661999999999998
12,1,1978,-4.1850000000000005
1,1,1979,-3.0450000000000013
2,1,1979,-3.3149999999999995
3,1,1979,3.9480000000000004
4,1,1979,8.155000000000001
5,1,1979,19.020000000000003
6,1,1979,22.053000000000004
7,1,1979,19.817999999999998
8,1,1979,21.473
9,1,1979,16.711
10,1,1979,7.044999999999999
11,1,1979,3.1459999999999986
12,1,1979,0.7199999999999996
1,1,1980,-5.493
2,1,1980,-2.9750000000000005
3,1,1980,-1.0610000000000004
4,1,1980,8.001999999999999
5,1,1980,13.499999999999998
6,1,1980,18.422
7,1,1980,20.814
8,1,1980,19.294000000000004
9,1,1980,14.344000000000001
10,1,1980,9.721
11,1,1980,3.9319999999999986
12,1,1980,1.1169999999999982
1,1,1981,-1.527
2,1,1981,-0.2829999999999997
3,1,1981,2.8049999999999997
4,1,1981,6.763000000000001
5,1,1981,15.084999999999999
6,1,1981,22.199999999999996
7,1,1981,22.739
8,1,1981,21.019
9,1,1981,16.124000000000002
10,1,1981,11.329000000000002
11,1,1981,2.9269999999999996
12,1,1981,1.571000000000002
1,1,1982,-3.4500000000000006
2,1,1982,-4.238999999999999
3,1,1982,2.3030000000000013
4,1,1982,7.8160000000000025
5,1,1982,15.904000000000002
6,1,1982,18.333
7,1,1982,19.699000000000005
8,1,1982,21.311999999999998
9,1,1982,17.519
10,1,1982,9.119000000000002
11,1,1982,3.8380000000000005
12,1,1982,2.572000000000002
1,1,1983,-0.5510000000000008
2,1,1983,-1.1689999999999994
3,1,1983,3.7240000000000015
4,1,1983,11.675
5,1,1983,17.917000000000005
6,1,1983,19.575
7,1,1983,21.336
8,1,1983,19.680999999999997
9,1,1983,17.156000000000002
10,1,1983,9.547000000000002
11,1,1983,1.9959999999999984
12,1,1983,-1.2299999999999993
1,1,1984,-0.44100000000000056
2,1,1984,-3.9540000000000006
3,1,1984,1.6669999999999994
4,1,1984,9.351
5,1,1984,17.296000000000003
6,1,1984,18.169
7,1,1984,20.072
8,1,1984,19.533000000000005
9,1,1984,17.647000000000002
10,1,1984,11.221000000000002
11,1,1984,1.8159999999999994
12,1,1984,-4.087000000000001
1,1,1985,-6.111000000000001
2,1,1985,-12.384
3,1,1985,-3.289000000000001
4,1,1985,9.595
5,1,1985,17.854000000000006
6,1,1985,18.037
7,1,1985,19.718000000000004
8,1,1985,22.208000000000002
9,1,1985,14.211
10,1,1985,8.312
11,1,1985,1.617999999999999
12,1,1985,-0.9770000000000008
1,1,1986,-1.106
2,1,1986,-6.577999999999999
3,1,1986,2.229
4,1,1986,11.361000000000002
5,1,1986,16.476
6,1,1986,20.537
7,1,1986,21.223000000000006
8,1,1986,22.648000000000003
9,1,1986,16.545
10,1,1986,8.626000000000001
11,1,1986,1.4229999999999996
12,1,1986,-2.691000000000001
1,1,1987,-10.261
2,1,1987,-3.571000000000001
3,1,1987,-5.282
4,1,1987,5.476
5,1,1987,14.649000000000001
6,1,1987,19.374
7,1,1987,22.935000000000002
8,1,1987,18.747000000000003
9,1,1987,15.292
10,1,1987,8.035999999999998
11,1,1987,3.8489999999999984
12,1,1987,-2.395
1,1,1988,-4.483000000000001
2,1,1988,-1.726
3,1,1988,3.2149999999999994
4,1,1988,9.000000000000002
5,1,1988,15.242
6,1,1988,19.34
7,1,1988,23.337999999999997
8,1,1988,21.499000000000002
9,1,1988,15.413000000000002
10,1,1988,7.928000000000002
11,1,1988,-1.3030000000000008
12,1,1988,-2.384
1,1,1989,-0.26400000000000057
2,1,1989,2.395
3,1,1989,6.160999999999999
4,1,1989,11.684
5,1,1989,15.269000000000002
6,1,1989,20.061999999999998
7,1,1989,20.945999999999998
8,1,1989,22.456
9,1,1989,15.794000000000002
10,1,1989,10.195
11,1,1989,1.709
12,1,1989,0.3699999999999983
1,1,1990,-0.19700000000000076
2,1,1990,2.6899999999999995
3,1,1990,7.354999999999999
4,1,1990,10.161
5,1,1990,14.942000000000002
6,1,1990,18.678000000000004
7,1,1990,21.526999999999997
8,1,1990,20.680000000000003
10,1,1990,9.205000000000002
11,1,1990,7.100999999999998
12,1,1990,-0.6479999999999997
1,1,1991,-1.1739999999999995
2,1,1991,-4.7940000000000005
3,1,1991,1.8460000000000005
4,1,1991,9.874000000000002
5,1,1991,14.087000000000002
6,1,1991,20.725000000000005
7,1,1991,23.762999999999998
8,1,1991,20.689
9,1,1991,16.150000000000002
10,1,1991,11.068000000000001
11,1,1991,3.4800000000000018
12,1,1991,-2.243000000000001
1,1,1992,-1.9539999999999995
2,1,1992,-2.2039999999999993
3,1,1992,4.424
4,1,1992,8.374
5,1,1992,14.54
6,1,1992,19.244000000000003
7,1,1992,21.569999999999997
8,1,1992,24.572999999999997
9,1,1992,14.964000000000002
10,1,1992,9.085
11,1,1992,3.7129999999999996
12,1,1992,-3.2929999999999993
1,1,1993,-1.604
2,1,1993,-1.7769999999999995
3,1,1993,1.3859999999999988
4,1,1993,8.447
5,1,1993,16.382
6,1,1993,18.374000000000002
7,1,1993,19.962000000000003
8,1,1993,20.520999999999997
9,1,1993,14.341000000000001
10,1,1993,9.732000000000001
11,1,1993,-4.127999999999999
12,1,1993,0.777000000000001
1,1,1994,1.2319999999999987
2,1,1994,-3.442999999999999
3,1,1994,3.072999999999999
4,1,1994,11.781000000000002
5,1,1994,15.442
6,1,1994,18.192
7,1,1994,23.486
8,1,1994,21.655
9,1,1994,20.206000000000003
10,1,1994,10.522
11,1,1994,2.022999999999999
12,1,1994,-2.150000000000001
1,1,1995,-3.1460000000000004
2,1,1995,3.0250000000000004
3,1,1995,4.348
4,1,1995,9.320000000000002
6,1,1995,21.604999999999997
7,1,1995,22.843000000000004
8,1,1995,21.052000000000003
9,1,1995,15.814000000000002
10,1,1995,9.307999999999998
11,1,1995,1.0829999999999984
12,1,1995,-4.398999999999999
1,1,1996,-7.6770000000000005
2,1,1996,-5.2059999999999995
3,1,1996,-1.5559999999999994
4,1,1996,9.142
5,1,1996,18.897000000000002
6,1,1996,20.250000000000004
7,1,1996,22.676000000000002
8,1,1996,21.247000000000003
9,1,1996,13.088
10,1,1996,9.494
11,1,1996,7.794000000000002
12,1,1996,-2.534
1,1,1997,-6.329999999999999
2,1,1997,-2.0469999999999997
3,1,1997,2.3470000000000013
4,1,1997,6.965
5,1,1997,16.703
6,1,1997,19.919999999999998
7,1,1997,21.007
8,1,1997,19.82
9,1,1997,12.947000000000001
10,1,1997,7.747000000000001
12,1,1997,-1.690000000000001
1,1,1998,-1.2119999999999997
2,1,1998,0.24799999999999836
3,1,1998,2.2690000000000015
4,1,1998,11.990999999999998
5,1,1998,15.675000000000002
6,1,1998,21.278
7,1,1998,22.703
8,1,1998,21.357
9,1,1998,16.479
10,1,1998,9.924
11,1,1998,0.04700000000000099
12,1,1998,-4.783
1,1,1999,-1.0459999999999998
2,1,1999,0.4870000000000019
3,1,1999,4.724
4,1,1999,11.297000000000002
5,1,1999,13.638000000000002
6,1,1999,22.894
7,1,1999,24.943000000000005
8,1,1999,21.887999999999998
9,1,1999,17.21
10,1,1999,9.624
11,1,1999,1.1979999999999988
12,1,1999,1.5170000000000015
1,1,2000,-4.432999999999999
2,1,2000,0.022000000000000044
3,1,2000,3.314000000000002
4,1,2000,12.911999999999999
5,1,2000,15.955000000000002
6,1,2000,19.296
7,1,2000,21.982
8,1,2000,22.526000000000003
9,1,2000,14.454000000000002
10,1,2000,9.771
11,1,2000,5.908
12,1,2000,1.6199999999999983
1,1,2001,0.4450000000000011
2,1,2001,-0.8799999999999998
3,1,2001,4.866999999999998
4,1,2001,11.113
5,1,2001,14.416
6,1,2001,18.219
7,1,2001,25.766000000000002
8,1,2001,23.186000000000003
9,1,2001,16.529000000000003
10,1,2001,10.364
11,1,2001,3.6800000000000015
12,1,2001,-5.83
1,1,2002,-2.7640000000000007
2,1,2002,3.782999999999998
3,1,2002,6.424000000000001
4,1,2002,9.754999999999999
5,1,2002,16.958000000000002
6,1,2002,20.017000000000003
7,1,2002,25.871000000000006
8,1,2002,21.740000000000002
9,1,2002,17.026
10,1,2002,9.134000000000002
11,1,2002,5.42
12,1,2002,-7.324
1,1,2003,-3.8480000000000008
2,1,2003,-6.790000000000001
3,1,2003,0.10100000000000146
4,1,2003,7.984999999999999
5,1,2003,19.828
6,1,2003,19.999
7,1,2003,21.671000000000003
8,1,2003,22.252000000000002
9,1,2003,15.588000000000001
10,1,2003,9.321
11,1,2003,4.7780000000000005
12,1,2003,0.3590000000000002
1,1,2004,-2.0840000000000005
2,1,2004,-1.394
3,1,2004,5.196999999999999
4,1,2004,10.039
5,1,2004,14.509
6,1,2004,18.519
7,1,2004,21.442000000000004
8,1,2004,21.083
9,1,2004,16.253
10,1,2004,10.247000000000002
11,1,2004,4.549999999999999
12,1,2004,1.3539999999999985
1,1,2005,0.6289999999999986
2,1,2005,-3.2769999999999992
3,1,2005,0.3960000000000008
4,1,2005,10.581
5,1,2005,17.503
6,1,2005,18.824
7,1,2005,22.473000000000006
8,1,2005,22.477000000000004
9,1,2005,18.149
10,1,2005,10.106000000000002
11,1,2005,3.675000000000001
12,1,2005,0.6199999999999999
1,1,2006,-7.671
2,1,2006,-4.8919999999999995
3,1,2006,2.1449999999999987
4,1,2006,10.047
5,1,2006,15.176
6,1,2006,20.216
7,1,2006,21.760000000000005
8,1,2006,22.91
9,1,2006,17.03
10,1,2006,10.748999999999999
11,1,2006,4.154000000000002
12,1,2006,2.0120000000000005
1,1,2007,2.6200000000000006
2,1,2007,-1.2569999999999995
3,1,2007,5.850999999999998
4,1,2007,9.241999999999999
5,1,2007,19.185000000000002
6,1,2007,22.834000000000003
7,1,2007,25.053
8,1,2007,24.252
9,1,2007,16.648
10,1,2007,11.041000000000002
11,1,2007,2.208999999999999
12,1,2007,-0.3640000000000004
1,1,2008,-3.6780000000000004
2,1,2008,0.2840000000000013
3,1,2008,6.0630000000000015
4,1,2008,10.715
5,1,2008,14.952000000000002
6,1,2008,20.458
7,1,2008,22.438000000000002
8,1,2008,23.596999999999998
9,1,2008,15.489000000000003
10,1,2008,11.326
11,1,2008,4.708000000000002
12,1,2008,-0.11600000000000006
1,1,2009,-2.7059999999999995
2,1,2009,0.7559999999999987
3,1,2009,3.4800000000000018
4,1,2009,10.283
5,1,2009,15.859
6,1,2009,22.135
7,1,2009,23.711000000000002
8,1,2009,21.313
9,1,2009,17.657000000000004
10,1,2009,11.168000000000003
11,1,2009,5.728999999999998
12,1,2009,-1.0550000000000006
1,1,2010,-5.8020000000000005
2,1,2010,-1.8230000000000008
3,1,2010,2.4960000000000013
4,1,2010,10.191999999999998
5,1,2010,17.352000000000004
6,1,2010,21.958000000000002
7,1,2010,24.514000000000006
8,1,2010,25.753000000000004
9,1,2010,16.824
10,1,2010,7.166000000000001
11,1,2010,9.744000000000002
12,1,2010,-0.8759999999999993
1,1,2011,-3.4560000000000004
2,1,2011,-4.731
3,1,2011,2.127000000000001
4,1,2011,9.517000000000001
5,1,2011,16.762
6,1,2011,21.138
7,1,2011,23.814000000000004
8,1,2011,21.563000000000002
9,1,2011,17.625
10,1,2011,8.499
11,1,2011,1.7580000000000005
12,1,2011,2.432000000000001
1,1,2012,-3.1950000000000007
2,1,2012,-8.606
3,1,2012,2.376000000000001
4,1,2012,12.776000000000002
5,1,2012,19.835
6,1,2012,22.836
7,1,2012,25.674000000000003
8,1,2012,23.086000000000002
9,1,2012,18.322999999999997
10,1,2012,12.864999999999998
11,1,2012,5.623000000000001
12,1,2012,-2.847000000000001
1,1,2013,-2.0400000000000005
2,1,2013,1.233
3,1,2013,1.9329999999999992
4,1,2013,11.431000000000001
5,1,2013,19.732000000000003
6,1,2013,22.232000000000003
7,1,2013,22.472000000000005
8,1,2013,22.861
9,1,2013,
